event_id,fight_id,fighter_one_id,fighter_one_name,fighter_two_id,fighter_two_name,winning_fighter,weight_class,fighter_id,fighter_name
d247691a6c0e9034,149d6b90f33634a4,,,,,cd2c4d30c6e13b47,Women's Strawweight,cd2c4d30c6e13b47,Marina Rodriguez
d247691a6c0e9034,149d6b90f33634a4,,,,,cd2c4d30c6e13b47,Women's Strawweight,7447e9f28508106a,Mackenzie Dern
d247691a6c0e9034,d5ffdb5388ffabc6,,,,,c6aee362c7a7d482,Welterweight,c6aee362c7a7d482,Randy Brown
d247691a6c0e9034,d5ffdb5388ffabc6,,,,,c6aee362c7a7d482,Welterweight,c730a0be691dc081,Jared Gooden
d247691a6c0e9034,20f19439e9b100b0,,,,,1a31ef98efce7a79,Flyweight,1a31ef98efce7a79,Matheus Nicolau
d247691a6c0e9034,20f19439e9b100b0,,,,,1a31ef98efce7a79,Flyweight,c96d9178c9ed9e62,Tim Elliott
d247691a6c0e9034,38957d8eb185391c,,,,,a08ddd04eaffd81d,Women's Flyweight,a08ddd04eaffd81d,Mariya Agapova
d247691a6c0e9034,38957d8eb185391c,,,,,a08ddd04eaffd81d,Women's Flyweight,70d2329a92864fdb,Sabina Mazo
d247691a6c0e9034,6101249c2cdd1493,,,,,45f0cc9d18f35137,Bantamweight,45f0cc9d18f35137,Chris Gutierrez
d247691a6c0e9034,6101249c2cdd1493,,,,,45f0cc9d18f35137,Bantamweight,dbac0a413af64bbe,Felipe Colares
d247691a6c0e9034,777c65184aa63894,,,,,c0badf3243907e59,Heavyweight,c0badf3243907e59,Alexandr Romanov
d247691a6c0e9034,777c65184aa63894,,,,,c0badf3243907e59,Heavyweight,2b68d9f125d07b42,Jared Vanderaa
d247691a6c0e9034,df16b9c2fc9722e9,,,,,29af297d9f1de0f8,Featherweight,29af297d9f1de0f8,Damon Jackson
d247691a6c0e9034,df16b9c2fc9722e9,,,,,29af297d9f1de0f8,Featherweight,40093d1d2d78394e,Charles Rosa
d247691a6c0e9034,f526892a27b50576,,,,,8e5d953bdb9ae5e7,Women's Strawweight,8e5d953bdb9ae5e7,Loopy Godinez
d247691a6c0e9034,f526892a27b50576,,,,,8e5d953bdb9ae5e7,Women's Strawweight,b4880ef2f838d4e1,Silvana Gomez Juarez
d247691a6c0e9034,ddb927b0dfcfac2a,,,,,97cf1a2c7c5e7889,Lightweight,97cf1a2c7c5e7889,Steve Garcia
d247691a6c0e9034,ddb927b0dfcfac2a,,,,,97cf1a2c7c5e7889,Lightweight,318572f6f74b760d,Charlie Ontiveros
e15d0a2519d6a0b5,37c484012ef24a5b,,,,,dea070ed4a2a8281,Light Heavyweight,dea070ed4a2a8281,Thiago Santos
e15d0a2519d6a0b5,37c484012ef24a5b,,,,,dea070ed4a2a8281,Light Heavyweight,c21f26bbde777573,Johnny Walker
e15d0a2519d6a0b5,ce151e053721fe69,,,,,,Middleweight,3a46b268013afede,Kevin Holland
e15d0a2519d6a0b5,ce151e053721fe69,,,,,,Middleweight,d6c0cdd7e467c440,Kyle Daukaus
e15d0a2519d6a0b5,9c33c8d4a381ba70,,,,,d8da10db80131bec,Welterweight,d8da10db80131bec,Niko Price
e15d0a2519d6a0b5,9c33c8d4a381ba70,,,,,d8da10db80131bec,Welterweight,57b10fca4f9c9a7a,Alex Oliveira
e15d0a2519d6a0b5,dba710edbc3c29ff,,,,,4e06913c91da5200,Middleweight,4e06913c91da5200,Krzysztof Jotko
e15d0a2519d6a0b5,dba710edbc3c29ff,,,,,4e06913c91da5200,Middleweight,67f272324a030d00,Misha Cirkunov
e15d0a2519d6a0b5,a00b4e82f9d4f92c,,,,,262a7d06203657e6,Lightweight,262a7d06203657e6,Alexander Hernandez
e15d0a2519d6a0b5,a00b4e82f9d4f92c,,,,,262a7d06203657e6,Lightweight,d80ee110748171ac,Mike Breeden
e15d0a2519d6a0b5,3b7eb8e56052a2af,,,,,7026eca45f65377b,Lightweight,7026eca45f65377b,Jared Gordon
e15d0a2519d6a0b5,3b7eb8e56052a2af,,,,,7026eca45f65377b,Lightweight,af65aa688d13eedf,Joe Solecki
e15d0a2519d6a0b5,6832e9e62da0f9d3,,,,,04835018f90b118c,Women's Flyweight,04835018f90b118c,Casey O'Neill
e15d0a2519d6a0b5,6832e9e62da0f9d3,,,,,04835018f90b118c,Women's Flyweight,d7338bcb141abd2c,Antonina Shevchenko
e15d0a2519d6a0b5,16d31775a8dcb31d,,,,,351c4ec637380ad5,Women's Bantamweight,351c4ec637380ad5,Karol Rosa
e15d0a2519d6a0b5,16d31775a8dcb31d,,,,,351c4ec637380ad5,Women's Bantamweight,673ea7dcc786b1b3,Bethe Correia
e15d0a2519d6a0b5,dfa2f5c821a52c63,,,,,af9f42e6894047fc,Lightweight,af9f42e6894047fc,Jamie Mullarkey
e15d0a2519d6a0b5,dfa2f5c821a52c63,,,,,af9f42e6894047fc,Lightweight,207773daeb4afa7b,Devonte Smith
e15d0a2519d6a0b5,5f444eac11e55161,,,,,3a314d9fa7c6825d,Bantamweight,3a314d9fa7c6825d,Douglas Silva de Andrade
e15d0a2519d6a0b5,5f444eac11e55161,,,,,3a314d9fa7c6825d,Bantamweight,8765559b6a29a421,Gaetano Pirrello
e15d0a2519d6a0b5,c1e5859053263811,,,,,5e6294b37bbef029,Women's Bantamweight,5e6294b37bbef029,Stephanie Egger
e15d0a2519d6a0b5,c1e5859053263811,,,,,5e6294b37bbef029,Women's Bantamweight,568bbad0eaced57c,Shanna Young
e15d0a2519d6a0b5,e7423a91a253b416,,,,,80daefbed11ce998,Bantamweight,80daefbed11ce998,Alejandro Perez
e15d0a2519d6a0b5,e7423a91a253b416,,,,,80daefbed11ce998,Bantamweight,528c24b99fbaab79,Johnny Eduardo
0eec866a077889f0,18f1b88d8977c216,,,,,e1248941344b3288,Featherweight,e1248941344b3288,Alexander Volkanovski
0eec866a077889f0,18f1b88d8977c216,,,,,e1248941344b3288,Featherweight,def8166ff24bd237,Brian Ortega
0eec866a077889f0,7233b2a56438d77a,,,,,132deb59abae64b1,Women's Flyweight,132deb59abae64b1,Valentina Shevchenko
0eec866a077889f0,7233b2a56438d77a,,,,,132deb59abae64b1,Women's Flyweight,729d4bd5a6cd0a97,Lauren Murphy
0eec866a077889f0,92e006a93f983fb5,,,,,f2925e6db404bf1d,Middleweight,f2925e6db404bf1d,Robbie Lawler
0eec866a077889f0,92e006a93f983fb5,,,,,f2925e6db404bf1d,Middleweight,f57a8a52ca401ed9,Nick Diaz
0eec866a077889f0,f4df74046a1c4364,,,,,fa6796c55d6c5440,Heavyweight,fa6796c55d6c5440,Curtis Blaydes
0eec866a077889f0,f4df74046a1c4364,,,,,fa6796c55d6c5440,Heavyweight,2cd428e9606856fd,Jairzinho Rozenstruik
0eec866a077889f0,f4a2806f77ac1cdc,,,,,6a1901c62ab3870f,Women's Flyweight,6a1901c62ab3870f,Jessica Andrade
0eec866a077889f0,f4a2806f77ac1cdc,,,,,6a1901c62ab3870f,Women's Flyweight,98215d037be5bcb7,Cynthia Calvillo
0eec866a077889f0,bc276e0f07e30a54,,,,,c03520b5c88ed6b4,Bantamweight,c03520b5c88ed6b4,Merab Dvalishvili
0eec866a077889f0,bc276e0f07e30a54,,,,,c03520b5c88ed6b4,Bantamweight,fea79f9bc8c68769,Marlon Moraes
0eec866a077889f0,b3c23fb2d71bba51,,,,,193b9d1858bc4df3,Lightweight,193b9d1858bc4df3,Dan Hooker
0eec866a077889f0,b3c23fb2d71bba51,,,,,193b9d1858bc4df3,Lightweight,b7b84ccd221be298,Nasrat Haqparast
0eec866a077889f0,f085f32bbb3220e1,,,,,d0aaedcf7ccd0b45,Heavyweight,d0aaedcf7ccd0b45,Chris Daukaus
0eec866a077889f0,f085f32bbb3220e1,,,,,d0aaedcf7ccd0b45,Heavyweight,2f5cbecbbe18bac4,Shamil Abdurakhimov
0eec866a077889f0,e7bb37681652c2c2,,,,,f7467152fd9f18a2,Women's Flyweight,f7467152fd9f18a2,Taila Santos
0eec866a077889f0,e7bb37681652c2c2,,,,,f7467152fd9f18a2,Women's Flyweight,4498b382c65a7faa,Roxanne Modafferi
0eec866a077889f0,7abc4520f63f2c06,,,,,4d8fa64202cee4c1,Lightweight,4d8fa64202cee4c1,Jalin Turner
0eec866a077889f0,7abc4520f63f2c06,,,,,4d8fa64202cee4c1,Lightweight,681399317dbf4701,Uros Medic
0eec866a077889f0,d8189169b2c8a2aa,,,,,12585614e0ed2626,Middleweight,12585614e0ed2626,Nick Maximov
0eec866a077889f0,d8189169b2c8a2aa,,,,,12585614e0ed2626,Middleweight,f14f644d41ade29f,Cody Brundage
0eec866a077889f0,73f6b72b4889088f,,,,,4aa58269d0664b5b,Welterweight,4aa58269d0664b5b,Matthew Semelsberger
0eec866a077889f0,73f6b72b4889088f,,,,,4aa58269d0664b5b,Welterweight,16a64f93f6678b7b,Martin Sano
0eec866a077889f0,7484298ad57099be,,,,,87c0b1c696ddfb43,Featherweight,87c0b1c696ddfb43,Jonathan Pearce
0eec866a077889f0,7484298ad57099be,,,,,87c0b1c696ddfb43,Featherweight,a0e6753c42698f13,Omar Morales
4c27ca8c8481f79a,d1621b3da377f34b,,,,,d4c9dcd330403612,Light Heavyweight,d4c9dcd330403612,Anthony Smith
4c27ca8c8481f79a,d1621b3da377f34b,,,,,d4c9dcd330403612,Light Heavyweight,a67f5afa8d6a1b80,Ryan Spann
4c27ca8c8481f79a,4b5f9b7c31d1205d,,,,,cd13728ae1151f46,Light Heavyweight,cd13728ae1151f46,Ion Cutelaba
4c27ca8c8481f79a,4b5f9b7c31d1205d,,,,,cd13728ae1151f46,Light Heavyweight,cc7040fe76f0ef91,Devin Clark
4c27ca8c8481f79a,ceaf7ed5ade30d9f,,,,,6551c64fbcd1a467,Women's Flyweight,6551c64fbcd1a467,Ariane Lipski
4c27ca8c8481f79a,ceaf7ed5ade30d9f,,,,,6551c64fbcd1a467,Women's Flyweight,297a2b35444c245b,Mandy Bohm
4c27ca8c8481f79a,13a8ddb1c3f55ed4,,,,,eae48ff31db420c2,Lightweight,eae48ff31db420c2,Arman Tsarukyan
4c27ca8c8481f79a,13a8ddb1c3f55ed4,,,,,eae48ff31db420c2,Lightweight,de45aaae23dfa392,Christos Giagos
4c27ca8c8481f79a,576b795e33ddd62d,,,,,6e9f40c706f91f32,Bantamweight,6e9f40c706f91f32,Nate Maness
4c27ca8c8481f79a,576b795e33ddd62d,,,,,6e9f40c706f91f32,Bantamweight,601964f9654f911a,Tony Gravely
4c27ca8c8481f79a,401f5f4714132d50,,,,,b9437600497350f3,Middleweight,b9437600497350f3,Joaquin Buckley
4c27ca8c8481f79a,401f5f4714132d50,,,,,b9437600497350f3,Middleweight,61fb8098ccf81c7f,Antonio Arroyo
4c27ca8c8481f79a,d06495deb1ff1750,,,,,6aae253467e8f9ce,Light Heavyweight,6aae253467e8f9ce,Tafon Nchukwi
4c27ca8c8481f79a,d06495deb1ff1750,,,,,6aae253467e8f9ce,Light Heavyweight,18b602842a24f7c5,Mike Rodriguez
4c27ca8c8481f79a,2d42742aade53799,,,,,fc169c387b4b465d,Women's Bantamweight,fc169c387b4b465d,Raquel Pennington
4c27ca8c8481f79a,2d42742aade53799,,,,,fc169c387b4b465d,Women's Bantamweight,91dac5e69e28d5b5,Pannie Kianzad
4c27ca8c8481f79a,85e5498808346d6b,,,,,a13d755965a4ec9f,Lightweight,a13d755965a4ec9f,Rong Zhu
4c27ca8c8481f79a,85e5498808346d6b,,,,,a13d755965a4ec9f,Lightweight,6a8928652fc01bee,Brandon Jenkins
4c27ca8c8481f79a,dc870fab1e0f15e1,,,,,cc1a8b4b38b92c6d,Bantamweight,cc1a8b4b38b92c6d,Montel Jackson
4c27ca8c8481f79a,dc870fab1e0f15e1,,,,,cc1a8b4b38b92c6d,Bantamweight,0b362247806341e5,JP Buys
4c27ca8c8481f79a,0ce63c2148e70b4c,,,,,669970f7feba8ecd,Women's Flyweight,669970f7feba8ecd,Erin Blanchfield
4c27ca8c8481f79a,0ce63c2148e70b4c,,,,,669970f7feba8ecd,Women's Flyweight,49b130de1da2e1bf,Sarah Alpar
4c27ca8c8481f79a,06b3226c34c17001,,,,,a53d30163304aa6e,Welterweight,a53d30163304aa6e,Carlston Harris
4c27ca8c8481f79a,06b3226c34c17001,,,,,a53d30163304aa6e,Welterweight,257b0c8d6f199895,Impa Kasanganay
4c27ca8c8481f79a,178756c3cb23b884,,,,,DRAW,Bantamweight,93b62c5f2ba18e51,Gustavo Lopez
4c27ca8c8481f79a,178756c3cb23b884,,,,,DRAW,Bantamweight,1897b7b913736a7c,Alatengheili
4c27ca8c8481f79a,eb10feae98ea7d36,,,,,26e3f3928b1891d9,Women's Flyweight,26e3f3928b1891d9,Hannah Goldy
4c27ca8c8481f79a,eb10feae98ea7d36,,,,,26e3f3928b1891d9,Women's Flyweight,b3d21b2610dcfaeb,Emily Whitmire
b9532d815060de7f,14f2bb86fd888e91,,,,,b1a3e0aca758b322,Middleweight,b1a3e0aca758b322,Derek Brunson
b9532d815060de7f,14f2bb86fd888e91,,,,,b1a3e0aca758b322,Middleweight,9ce6d5a03af801b7,Darren Till
b9532d815060de7f,b977ffcc6428046f,,,,,399afbabc02376b5,Heavyweight,399afbabc02376b5,Tom Aspinall
b9532d815060de7f,b977ffcc6428046f,,,,,399afbabc02376b5,Heavyweight,e2f6b2769aaedd6c,Serghei Spivac
b9532d815060de7f,f09912e9d8eaa968,,,,,cdb96af67d096b1e,Welterweight,cdb96af67d096b1e,Alex Morono
b9532d815060de7f,f09912e9d8eaa968,,,,,cdb96af67d096b1e,Welterweight,3bb2dc8e87b10a46,David Zawada
b9532d815060de7f,ad81be01a461c936,,,,,749f572d1d3161fb,Light Heavyweight,749f572d1d3161fb,Khalil Rountree Jr.
b9532d815060de7f,ad81be01a461c936,,,,,749f572d1d3161fb,Light Heavyweight,476fe566d2df676e,Modestas Bukauskas
b9532d815060de7f,8fc238e84c4624a7,,,,,7826923b47f8d72a,Lightweight,7826923b47f8d72a,Paddy Pimblett
b9532d815060de7f,8fc238e84c4624a7,,,,,7826923b47f8d72a,Lightweight,2f1a257d6777096d,Luigi Vendramini
b9532d815060de7f,06c0c7dda5a5909d,,,,,51018a31ddf31eb2,Women's Flyweight,51018a31ddf31eb2,Molly McCann
b9532d815060de7f,06c0c7dda5a5909d,,,,,51018a31ddf31eb2,Women's Flyweight,a20f234df70f2182,Ji Yeon Kim
b9532d815060de7f,4fc128b1bdf088b1,,,,,b8a85389d115e35a,Bantamweight,b8a85389d115e35a,Jack Shore
b9532d815060de7f,4fc128b1bdf088b1,,,,,b8a85389d115e35a,Bantamweight,1a54231796e24a3f,Liudvik Sholinian
b9532d815060de7f,3f76035e52e8819b,,,,,902ec2cc48c8ae8a,Catch Weight,902ec2cc48c8ae8a,Julian Erosa
b9532d815060de7f,3f76035e52e8819b,,,,,902ec2cc48c8ae8a,Catch Weight,f1d64ae34e088832,Charles Jourdain
b9532d815060de7f,a7c38d4d66abf923,,,,,8e9eb3fc86db0f7d,Middleweight,8e9eb3fc86db0f7d,Marc-Andre Barriault
b9532d815060de7f,a7c38d4d66abf923,,,,,8e9eb3fc86db0f7d,Middleweight,ce632027bf2a871b,Dalcha Lungiambula
0db9d2486d564a3c,5cd1869013741767,,,,,9560ff14eb3129f7,Featherweight,9560ff14eb3129f7,Giga Chikadze
0db9d2486d564a3c,5cd1869013741767,,,,,9560ff14eb3129f7,Featherweight,64a50dad704d1d49,Edson Barboza
0db9d2486d564a3c,5086f9fb4fdc2f60,,,,,f626118b6da0e020,Middleweight,f626118b6da0e020,Bryan Battle
0db9d2486d564a3c,5086f9fb4fdc2f60,,,,,f626118b6da0e020,Middleweight,b12fb759e02378de,Gilbert Urbina
0db9d2486d564a3c,ed64e42263bf50bf,,,,,cd3d7e37ff2d679c,Bantamweight,cd3d7e37ff2d679c,Ricky Turcios
0db9d2486d564a3c,ed64e42263bf50bf,,,,,cd3d7e37ff2d679c,Bantamweight,7af33fc4435017f1,Brady Hiestand
0db9d2486d564a3c,089a17e450cc98aa,,,,,8a1f3b5c526cd6e6,Welterweight,8a1f3b5c526cd6e6,Daniel Rodriguez
0db9d2486d564a3c,089a17e450cc98aa,,,,,8a1f3b5c526cd6e6,Welterweight,ee9ebceabfd16fa7,Kevin Lee
0db9d2486d564a3c,ad3aa9520131ff2e,,,,,5f61780fe5e9b6d0,Middleweight,5f61780fe5e9b6d0,Andre Petroski
0db9d2486d564a3c,ad3aa9520131ff2e,,,,,5f61780fe5e9b6d0,Middleweight,ce175eaafe867d1f,Micheal Gillmore
0db9d2486d564a3c,1de342e9309c5f0f,,,,,6ac9bc2953c47345,Middleweight,6ac9bc2953c47345,Gerald Meerschaert
0db9d2486d564a3c,1de342e9309c5f0f,,,,,6ac9bc2953c47345,Middleweight,ea7e5bc78d9de658,Makhmud Muradov
0db9d2486d564a3c,e24c8aab497b4fe1,,,,,eae431e70064e046,Middleweight,eae431e70064e046,Abdul Razak Alhassan
0db9d2486d564a3c,e24c8aab497b4fe1,,,,,eae431e70064e046,Middleweight,77d7295d1b22c694,Alessio Di Chirico
0db9d2486d564a3c,58d5e4afc2dd35d1,,,,,4dcfb28c011c11b2,Middleweight,4dcfb28c011c11b2,Wellington Turman
0db9d2486d564a3c,58d5e4afc2dd35d1,,,,,4dcfb28c011c11b2,Middleweight,d156513a19acf856,Sam Alvey
0db9d2486d564a3c,0f3a91caeaa55094,,,,,e4277e87a789d687,Light Heavyweight,e4277e87a789d687,Dustin Jacoby
0db9d2486d564a3c,0f3a91caeaa55094,,,,,e4277e87a789d687,Light Heavyweight,a17ad5a5048e8c3f,Darren Stewart
0db9d2486d564a3c,2cb9ba68fc855f33,,,,,6fd953151d981979,Women's Flyweight,6fd953151d981979,JJ Aldrich
0db9d2486d564a3c,2cb9ba68fc855f33,,,,,6fd953151d981979,Women's Flyweight,2c483cf443f38ece,Vanessa Demopoulos
0db9d2486d564a3c,ef4484943b1c68a9,,,,,b8bbdeff718dbb7d,Featherweight,b8bbdeff718dbb7d,Pat Sabatini
0db9d2486d564a3c,ef4484943b1c68a9,,,,,b8bbdeff718dbb7d,Featherweight,e00a3dee329a51f7,Jamall Emmers
0db9d2486d564a3c,be4890f4aaadec28,,,,,c0386644627a7ee5,Bantamweight,c0386644627a7ee5,Mana Martinez
0db9d2486d564a3c,be4890f4aaadec28,,,,,c0386644627a7ee5,Bantamweight,d05412b513b19621,Guido Cannetti
2f13e4020cea5b38,f536ba47f006474a,,,,,13a0275fa13c4d26,Middleweight,13a0275fa13c4d26,Jared Cannonier
2f13e4020cea5b38,f536ba47f006474a,,,,,13a0275fa13c4d26,Middleweight,8c0580d4fff106c1,Kelvin Gastelum
2f13e4020cea5b38,3a9e0fed344fd07d,,,,,da0995f19b749cfa,Lightweight,da0995f19b749cfa,Mark Madsen
2f13e4020cea5b38,3a9e0fed344fd07d,,,,,da0995f19b749cfa,Lightweight,c47df9303d318c67,Clay Guida
2f13e4020cea5b38,47230f9b5d7ae037,,,,,ac40f7e3cbecdda4,Heavyweight,ac40f7e3cbecdda4,Parker Porter
2f13e4020cea5b38,47230f9b5d7ae037,,,,,ac40f7e3cbecdda4,Heavyweight,01b352b6a9074d5c,Chase Sherman
2f13e4020cea5b38,e1897ff433134cb8,,,,,50a28b9f8314e008,Bantamweight,50a28b9f8314e008,Saidyokub Kakhramonov
2f13e4020cea5b38,e1897ff433134cb8,,,,,50a28b9f8314e008,Bantamweight,ec23c1be628d8057,Trevin Jones
2f13e4020cea5b38,755d84d5f4aa4dbf,,,,,c77a953488e5607d,Lightweight,c77a953488e5607d,Vinc Pichel
2f13e4020cea5b38,755d84d5f4aa4dbf,,,,,c77a953488e5607d,Lightweight,d2cd7a69cc55e7ed,Austin Hubbard
2f13e4020cea5b38,0b47788da6de735e,,,,,a0f0004aadf10b71,Flyweight,a0f0004aadf10b71,Alexandre Pantoja
2f13e4020cea5b38,0b47788da6de735e,,,,,a0f0004aadf10b71,Flyweight,6e15f63b6c2e2c15,Brandon Royval
2f13e4020cea5b38,12d2b282561b5e5f,,,,,305d73ede05e31ad,Featherweight,305d73ede05e31ad,Austin Lingo
2f13e4020cea5b38,12d2b282561b5e5f,,,,,305d73ede05e31ad,Featherweight,12e0fdc606f7e274,Luis Saldana
2f13e4020cea5b38,bfacb44c24bfe0e9,,,,,7be14eaed4c74856,Bantamweight,7be14eaed4c74856,Brian Kelleher
2f13e4020cea5b38,bfacb44c24bfe0e9,,,,,7be14eaed4c74856,Bantamweight,4bf6b225ff6099c4,Domingo Pilarte
2f13e4020cea5b38,92d39a17e34cf581,,,,,68d35296f566792b,Women's Bantamweight,68d35296f566792b,Josiane Nunes
2f13e4020cea5b38,92d39a17e34cf581,,,,,68d35296f566792b,Women's Bantamweight,b60c980f79b87ce8,Bea Malecki
2f13e4020cea5b38,5e2ce5aa3a92c2df,,,,,5da33b8fbfa5ee95,Light Heavyweight,5da33b8fbfa5ee95,William Knight
2f13e4020cea5b38,5e2ce5aa3a92c2df,,,,,5da33b8fbfa5ee95,Light Heavyweight,78a68f1dade6aaf7,Fabio Cherant
2f13e4020cea5b38,8badcb2134c1cdaf,,,,,e4a47b07044ddd72,Lightweight,e4a47b07044ddd72,Ignacio Bahamondes
2f13e4020cea5b38,8badcb2134c1cdaf,,,,,e4a47b07044ddd72,Lightweight,37c5366d18ed6c05,Roosevelt Roberts
2f13e4020cea5b38,47a157222b2c9092,,,,,3d074044a33825e7,Welterweight,3d074044a33825e7,Ramiz Brahimaj
2f13e4020cea5b38,47a157222b2c9092,,,,,3d074044a33825e7,Welterweight,a6c20202c701e5ca,Sasha Palatnikov
972197a8c61ac413,bf732e22055e8634,,,,,787bb1f087ccff8a,Heavyweight,787bb1f087ccff8a,Ciryl Gane
972197a8c61ac413,bf732e22055e8634,,,,,787bb1f087ccff8a,Heavyweight,d3df1add9d9a7efb,Derrick Lewis
972197a8c61ac413,980927e7dcc131c0,,,,,d0f3959b4a9747e6,Bantamweight,d0f3959b4a9747e6,Jose Aldo
972197a8c61ac413,980927e7dcc131c0,,,,,d0f3959b4a9747e6,Bantamweight,6bd02119599741a4,Pedro Munhoz
972197a8c61ac413,efe985e626a0d8c0,,,,,6d4b63c767106d3a,Welterweight,6d4b63c767106d3a,Vicente Luque
972197a8c61ac413,efe985e626a0d8c0,,,,,6d4b63c767106d3a,Welterweight,c58f51dedb310998,Michael Chiesa
972197a8c61ac413,903d2c361d005b70,,,,,31ef8b67e13495b3,Women's Strawweight,31ef8b67e13495b3,Tecia Torres
972197a8c61ac413,903d2c361d005b70,,,,,31ef8b67e13495b3,Women's Strawweight,f0feeb2192937424,Angela Hill
972197a8c61ac413,962aab0abdd34173,,,,,efb96bf3e9ada36f,Bantamweight,efb96bf3e9ada36f,Song Yadong
972197a8c61ac413,962aab0abdd34173,,,,,efb96bf3e9ada36f,Bantamweight,e7bba7ce4d6c7b07,Casey Kenney
972197a8c61ac413,76ece0ee2ef5d240,,,,,c814b4c899793af6,Lightweight,c814b4c899793af6,Rafael Fiziev
972197a8c61ac413,76ece0ee2ef5d240,,,,,c814b4c899793af6,Lightweight,887961364be5ceb3,Bobby Green
972197a8c61ac413,3d75081ce43774ca,,,,,37098a6e6c27fb66,Bantamweight,37098a6e6c27fb66,Vince Morales
972197a8c61ac413,3d75081ce43774ca,,,,,37098a6e6c27fb66,Bantamweight,dc3b9cf7641b7ab6,Drako Rodriguez
972197a8c61ac413,dcd0793ff1a43b68,,,,,a495f599e787614f,Light Heavyweight,a495f599e787614f,Alonzo Menifield
972197a8c61ac413,dcd0793ff1a43b68,,,,,a495f599e787614f,Light Heavyweight,06f36cf4bd97ec77,Ed Herman
972197a8c61ac413,f2336b7545f5f442,,,,,c742287ed86a09bc,Women's Strawweight,c742287ed86a09bc,Jessica Penne
972197a8c61ac413,f2336b7545f5f442,,,,,c742287ed86a09bc,Women's Strawweight,d7c3816669784109,Karolina Kowalkiewicz
972197a8c61ac413,85c5dd604d5b3634,,,,,5d1b7e3dd9e11074,Flyweight,5d1b7e3dd9e11074,Manel Kape
972197a8c61ac413,85c5dd604d5b3634,,,,,5d1b7e3dd9e11074,Flyweight,6d68c1afe954f121,Ode Osbourne
972197a8c61ac413,9a678f346946b6a4,,,,,46e0d677f91bacc0,Bantamweight,46e0d677f91bacc0,Miles Johns
972197a8c61ac413,9a678f346946b6a4,,,,,46e0d677f91bacc0,Bantamweight,bbc9ab95fa766493,Anderson Dos Santos
972197a8c61ac413,cce232c1b1b2e4a0,,,,,a4a80dd7336ffd59,Women's Flyweight,a4a80dd7336ffd59,Melissa Gatto
972197a8c61ac413,cce232c1b1b2e4a0,,,,,a4a80dd7336ffd59,Women's Flyweight,9dedfdd91070ddd8,Victoria Leonardo
972197a8c61ac413,af9927b5589e708b,,,,,f6bcbd91b114ff58,Bantamweight,f6bcbd91b114ff58,Johnny Munoz
972197a8c61ac413,af9927b5589e708b,,,,,f6bcbd91b114ff58,Bantamweight,f0fad0e9f3b65752,Jamey Simmons
320edfb0332b7073,8522bc62e8d942ab,,,,,0d8011111be000b2,Middleweight,0d8011111be000b2,Sean Strickland
320edfb0332b7073,8522bc62e8d942ab,,,,,0d8011111be000b2,Middleweight,65578a75fa7900e3,Uriah Hall
320edfb0332b7073,b4622ca7cf0e8506,,,,,4959f10a62f3fec3,Women's Strawweight,4959f10a62f3fec3,Cheyanne Buys
320edfb0332b7073,b4622ca7cf0e8506,,,,,4959f10a62f3fec3,Women's Strawweight,5dd180c8b3196786,Gloria de Paula
320edfb0332b7073,e3ecb94228c2739f,,,,,c730a0be691dc081,Welterweight,c730a0be691dc081,Jared Gooden
320edfb0332b7073,e3ecb94228c2739f,,,,,c730a0be691dc081,Welterweight,62f7097c04311193,Niklas Stolze
320edfb0332b7073,6671b567c4eb9982,,,,,a52bc1e62cf0b7c6,Featherweight,a52bc1e62cf0b7c6,Melsik Baghdasaryan
320edfb0332b7073,6671b567c4eb9982,,,,,a52bc1e62cf0b7c6,Featherweight,047a91d3d9c79b05,Collin Anglin
320edfb0332b7073,9eef9b7967991296,,,,,5f3805dda9661cba,Welterweight,5f3805dda9661cba,Jason Witt
320edfb0332b7073,9eef9b7967991296,,,,,5f3805dda9661cba,Welterweight,a331233f597090a5,Bryan Barberena
320edfb0332b7073,12ceec9431fb0827,,,,,feaf00f3373435d6,Lightweight,feaf00f3373435d6,Chris Gruetzemacher
320edfb0332b7073,12ceec9431fb0827,,,,,feaf00f3373435d6,Lightweight,e132d47bd9efbbe0,Rafa Garcia
320edfb0332b7073,69397bbebdfa41d9,,,,,DRAW,Featherweight,0de720c0f1d4ab9c,Danny Chavez
320edfb0332b7073,69397bbebdfa41d9,,,,,DRAW,Featherweight,eee0ef3e2b14816b,Kai Kamaka
320edfb0332b7073,96c51bc6316a4b47,,,,,d05cb1e8d1b885d8,Women's Strawweight,d05cb1e8d1b885d8,Jinh Yu Frey
320edfb0332b7073,96c51bc6316a4b47,,,,,d05cb1e8d1b885d8,Women's Strawweight,b4c6c904a9ffc5e8,Ashley Yoder
320edfb0332b7073,1978b44503c3d9ff,,,,,79cb2a690b9ba5e8,Flyweight,79cb2a690b9ba5e8,Zarrukh Adashev
320edfb0332b7073,1978b44503c3d9ff,,,,,79cb2a690b9ba5e8,Flyweight,20999e27ddd94bda,Ryan Benoit
320edfb0332b7073,fb9095887dca34c7,,,,,8e382b585a92affe,Welterweight,8e382b585a92affe,Phil Rowe
320edfb0332b7073,fb9095887dca34c7,,,,,8e382b585a92affe,Welterweight,2c010b26a3306969,Orion Cosce
e57f0b06ea39e360,214b268e4a92f950,,,,,c849740a3ff51931,Bantamweight,c849740a3ff51931,TJ Dillashaw
e57f0b06ea39e360,214b268e4a92f950,,,,,c849740a3ff51931,Bantamweight,65f09bacd3957381,Cory Sandhagen
e57f0b06ea39e360,4bb77b1d8efc53a9,,,,,82b4e942781b1046,Bantamweight,82b4e942781b1046,Raulian Paiva
e57f0b06ea39e360,4bb77b1d8efc53a9,,,,,82b4e942781b1046,Bantamweight,60425d07ef4b91a7,Kyler Phillips
e57f0b06ea39e360,1bde9cb65d31cc76,,,,,92a9aa9c93192871,Featherweight,92a9aa9c93192871,Darren Elkins
e57f0b06ea39e360,1bde9cb65d31cc76,,,,,92a9aa9c93192871,Featherweight,34e516ab361afb1c,Darrick Minner
e57f0b06ea39e360,7c3ad06a520b8716,,,,,6a740daf1b279661,Women's Flyweight,6a740daf1b279661,Maycee Barber
e57f0b06ea39e360,7c3ad06a520b8716,,,,,6a740daf1b279661,Women's Flyweight,f29a6350c69f4a33,Miranda Maverick
e57f0b06ea39e360,43c391b251337c9b,,,,,0232cabbc30a2372,Bantamweight,0232cabbc30a2372,Adrian Yanez
e57f0b06ea39e360,43c391b251337c9b,,,,,0232cabbc30a2372,Bantamweight,325ad0dd9126d3df,Randy Costa
e57f0b06ea39e360,4911094a4ee26868,,,,,2f181c0467965b98,Middleweight,2f181c0467965b98,Brendan Allen
e57f0b06ea39e360,4911094a4ee26868,,,,,2f181c0467965b98,Middleweight,64facb6cc564262d,Punahele Soriano
e57f0b06ea39e360,dff1dbb8fe1f31cb,,,,,881bf86d4cba8578,Middleweight,881bf86d4cba8578,Nassourdine Imavov
e57f0b06ea39e360,dff1dbb8fe1f31cb,,,,,881bf86d4cba8578,Middleweight,2e585c701f72fe55,Ian Heinisch
e57f0b06ea39e360,1be65a0d2c1383f6,,,,,9e50097a89442158,Welterweight,9e50097a89442158,Mickey Gall
e57f0b06ea39e360,1be65a0d2c1383f6,,,,,9e50097a89442158,Welterweight,e26bd53b751d61d9,Jordan Williams
e57f0b06ea39e360,cade0268dec56f3d,,,,,1291edf2d566a71a,Bantamweight,1291edf2d566a71a,Julio Arce
e57f0b06ea39e360,cade0268dec56f3d,,,,,1291edf2d566a71a,Bantamweight,5f6f049d54728e88,Andre Ewell
e57f0b06ea39e360,c13474b85d3ced32,,,,,4234f0097c83fa62,Women's Flyweight,4234f0097c83fa62,Sijara Eubanks
e57f0b06ea39e360,c13474b85d3ced32,,,,,4234f0097c83fa62,Women's Flyweight,ac7c765882f2c68c,Elise Reed
e57f0b06ea39e360,40ce202eaa78860c,,,,,d7e40dca3ae125be,Women's Strawweight,d7e40dca3ae125be,Diana Belbita
e57f0b06ea39e360,40ce202eaa78860c,,,,,d7e40dca3ae125be,Women's Strawweight,26e3f3928b1891d9,Hannah Goldy
40389d39a92f5bfa,7d4c160dab6eae73,,,,,275aca31f61ba28c,Lightweight,275aca31f61ba28c,Islam Makhachev
40389d39a92f5bfa,7d4c160dab6eae73,,,,,275aca31f61ba28c,Lightweight,d945aae53e3e54e6,Thiago Moises
40389d39a92f5bfa,f0b83b05f3dd9580,,,,,b96619b3acd7d9da,Women's Bantamweight,b96619b3acd7d9da,Miesha Tate
40389d39a92f5bfa,f0b83b05f3dd9580,,,,,b96619b3acd7d9da,Women's Bantamweight,c7d297714d9ab1a4,Marion Reneau
40389d39a92f5bfa,72105dd82d964e7a,,,,,72db2a14ffa73ece,Lightweight,72db2a14ffa73ece,Mateusz Gamrot
40389d39a92f5bfa,72105dd82d964e7a,,,,,72db2a14ffa73ece,Lightweight,18968f97ad34f15c,Jeremy Stephens
40389d39a92f5bfa,813444e109995c97,,,,,260e9e0d4954aea6,Middleweight,260e9e0d4954aea6,Rodolfo Vieira
40389d39a92f5bfa,813444e109995c97,,,,,260e9e0d4954aea6,Middleweight,71505842fb6455c3,Dustin Stoltzfus
40389d39a92f5bfa,940701effe1d2b6c,,,,,aa171d55d4b5208f,Featherweight,aa171d55d4b5208f,Billy Quarantillo
40389d39a92f5bfa,940701effe1d2b6c,,,,,aa171d55d4b5208f,Featherweight,436f970c9ea9169c,Gabriel Benitez
40389d39a92f5bfa,8151659b2bc16f0e,,,,,8a1f3b5c526cd6e6,Welterweight,8a1f3b5c526cd6e6,Daniel Rodriguez
40389d39a92f5bfa,8151659b2bc16f0e,,,,,8a1f3b5c526cd6e6,Welterweight,9fe7af8b3fbe00a0,Preston Parsons
40389d39a92f5bfa,c5e71fbf22f669f7,,,,,3df5493bb279226f,Women's Strawweight,3df5493bb279226f,Amanda Lemos
40389d39a92f5bfa,c5e71fbf22f669f7,,,,,3df5493bb279226f,Women's Strawweight,1235b31de15d0c6e,Montserrat Conejo
40389d39a92f5bfa,93d5452726f5f364,,,,,2f6a993c7f547c13,Bantamweight,2f6a993c7f547c13,Sergey Morozov
40389d39a92f5bfa,93d5452726f5f364,,,,,2f6a993c7f547c13,Bantamweight,b4537562f88ac582,Khalid Taha
40389d39a92f5bfa,49876b12d440af40,,,,,dee294e9717012c2,Flyweight,dee294e9717012c2,Malcolm Gordon
40389d39a92f5bfa,49876b12d440af40,,,,,dee294e9717012c2,Flyweight,cdadae5363b66eef,Francisco Figueiredo
40389d39a92f5bfa,7d0874323bd1f768,,,,,d31a5546c0e9b213,Heavyweight,d31a5546c0e9b213,Rodrigo Nascimento
40389d39a92f5bfa,7d0874323bd1f768,,,,,d31a5546c0e9b213,Heavyweight,c9a94278df042f46,Alan Baudot
8a0be41c0380188d,7d0ce28ce8a77eb1,,,,,029eaff01e6bb8f0,Lightweight,029eaff01e6bb8f0,Dustin Poirier
8a0be41c0380188d,7d0ce28ce8a77eb1,,,,,029eaff01e6bb8f0,Lightweight,f4c49976c75c5ab2,Conor McGregor
8a0be41c0380188d,8245791a3d3403c6,,,,,23024fdfc966410a,Welterweight,23024fdfc966410a,Gilbert Burns
8a0be41c0380188d,8245791a3d3403c6,,,,,23024fdfc966410a,Welterweight,4a28cb716c19157a,Stephen Thompson
8a0be41c0380188d,53b480b44b0b51f1,,,,,c62fbc117d57b943,Heavyweight,c62fbc117d57b943,Tai Tuivasa
8a0be41c0380188d,53b480b44b0b51f1,,,,,c62fbc117d57b943,Heavyweight,85073dbd1be65ed9,Greg Hardy
8a0be41c0380188d,3740c8033e31c90d,,,,,578ef12674df1e6a,Women's Bantamweight,578ef12674df1e6a,Irene Aldana
8a0be41c0380188d,3740c8033e31c90d,,,,,578ef12674df1e6a,Women's Bantamweight,3143bf892608139a,Yana Kunitskaya
8a0be41c0380188d,dbcc5b5d568efa8b,,,,,b50a426a33da0012,Bantamweight,b50a426a33da0012,Sean O'Malley
8a0be41c0380188d,dbcc5b5d568efa8b,,,,,b50a426a33da0012,Bantamweight,9c27f3217891f3f0,Kris Moutinho
8a0be41c0380188d,7070abfa26c079b8,,,,,b0d6a1d8ac3d563d,Welterweight,b0d6a1d8ac3d563d,Max Griffin
8a0be41c0380188d,7070abfa26c079b8,,,,,b0d6a1d8ac3d563d,Welterweight,f9f07bb5a43535ed,Carlos Condit
8a0be41c0380188d,96bbb6c573dac27a,,,,,595db60957de51d3,Welterweight,595db60957de51d3,Michel Pereira
8a0be41c0380188d,96bbb6c573dac27a,,,,,595db60957de51d3,Welterweight,d8da10db80131bec,Niko Price
8a0be41c0380188d,07468b6347ac5e3d,,,,,54f64b5e283b0ce7,Featherweight,54f64b5e283b0ce7,Ilia Topuria
8a0be41c0380188d,07468b6347ac5e3d,,,,,54f64b5e283b0ce7,Featherweight,8866c6f509c19089,Ryan Hall
8a0be41c0380188d,858feabaf429a963,,,,,0d7b51c9d2649a6e,Middleweight,0d7b51c9d2649a6e,Dricus Du Plessis
8a0be41c0380188d,858feabaf429a963,,,,,0d7b51c9d2649a6e,Middleweight,b27a1fcb56a3035a,Trevin Giles
8a0be41c0380188d,5d5bf07dbfada0e3,,,,,8e1f36476ef02a6a,Women's Flyweight,8e1f36476ef02a6a,Jennifer Maia
8a0be41c0380188d,5d5bf07dbfada0e3,,,,,8e1f36476ef02a6a,Women's Flyweight,f72465a784c1b084,Jessica Eye
8a0be41c0380188d,1aba46988c9b58f9,,,,,0c6d9ea8306c029e,Middleweight,0c6d9ea8306c029e,Brad Tavares
8a0be41c0380188d,1aba46988c9b58f9,,,,,0c6d9ea8306c029e,Middleweight,16690d100f995f8f,Omari Akhmedov
8a0be41c0380188d,ac0a1d87e9ff4085,,,,,55fa6ce3e522c8bb,Flyweight,55fa6ce3e522c8bb,Zhalgas Zhumagulov
8a0be41c0380188d,ac0a1d87e9ff4085,,,,,55fa6ce3e522c8bb,Flyweight,c9587d81e1d33925,Jerome Rivera
a1d6b308781aa2f5,78afed76d0e9a639,,,,,787bb1f087ccff8a,Heavyweight,787bb1f087ccff8a,Ciryl Gane
a1d6b308781aa2f5,78afed76d0e9a639,,,,,787bb1f087ccff8a,Heavyweight,279566840aa55bf2,Alexander Volkov
a1d6b308781aa2f5,d40eae4425092219,,,,,04c8b08b16a5b99e,Heavyweight,04c8b08b16a5b99e,Tanner Boser
a1d6b308781aa2f5,d40eae4425092219,,,,,04c8b08b16a5b99e,Heavyweight,50db8711c70196cd,Ovince Saint Preux
a1d6b308781aa2f5,ce0fda34122f3d48,,,,,45e738622ea2c02c,Bantamweight,45e738622ea2c02c,Timur Valiev
a1d6b308781aa2f5,ce0fda34122f3d48,,,,,45e738622ea2c02c,Bantamweight,b9f28e7045fdfce7,Raoni Barcelos
a1d6b308781aa2f5,4622ec182e7fed6b,,,,,,Featherweight,8fd808923cffff82,Andre Fili
a1d6b308781aa2f5,4622ec182e7fed6b,,,,,,Featherweight,361d49960a196976,Daniel Pineda
a1d6b308781aa2f5,c9283da5f4d7aaf4,,,,,4b47e71384a9522f,Welterweight,4b47e71384a9522f,Tim Means
a1d6b308781aa2f5,c9283da5f4d7aaf4,,,,,4b47e71384a9522f,Welterweight,9d19d9e4aa2662e8,Nicolas Dalby
a1d6b308781aa2f5,4341ebb5a56e6943,,,,,b6452706b373eea1,Lightweight,b6452706b373eea1,Renato Moicano
a1d6b308781aa2f5,4341ebb5a56e6943,,,,,b6452706b373eea1,Lightweight,4c88a1db5a46c6a4,Jai Herbert
a1d6b308781aa2f5,85099c6378ff87c5,,,,,8667caa0451d245b,Light Heavyweight,8667caa0451d245b,Kennedy Nzechukwu
a1d6b308781aa2f5,85099c6378ff87c5,,,,,8667caa0451d245b,Light Heavyweight,687c15b2eddfaa63,Danilo Marques
a1d6b308781aa2f5,086c2a0cae0835c4,,,,,01afe0916a40c7c5,Welterweight,01afe0916a40c7c5,Shavkat Rakhmonov
a1d6b308781aa2f5,086c2a0cae0835c4,,,,,01afe0916a40c7c5,Welterweight,e51fcd9cd84c0b93,Michel Prazeres
a1d6b308781aa2f5,81de3929330076d2,,,,,d66a46de8d705353,Welterweight,d66a46de8d705353,Jeremiah Wells
a1d6b308781aa2f5,81de3929330076d2,,,,,d66a46de8d705353,Welterweight,d317a5e2b3f88c5f,Warlley Alves
a1d6b308781aa2f5,d988760df61f027c,,,,,6370c1c1e12723d5,Light Heavyweight,6370c1c1e12723d5,Marcin Prachnio
a1d6b308781aa2f5,d988760df61f027c,,,,,6370c1c1e12723d5,Light Heavyweight,f9d0cae37dabfafc,Ike Villanueva
a1d6b308781aa2f5,0eac7075bf3d7ab7,,,,,86d9dbe1bfcbade7,Women's Bantamweight,86d9dbe1bfcbade7,Julia Avila
a1d6b308781aa2f5,0eac7075bf3d7ab7,,,,,86d9dbe1bfcbade7,Women's Bantamweight,a78a87d8c2bbb1cb,Julija Stoliarenko
a1d6b308781aa2f5,5357dab4d331eb18,,,,,40093d1d2d78394e,Featherweight,40093d1d2d78394e,Charles Rosa
a1d6b308781aa2f5,5357dab4d331eb18,,,,,40093d1d2d78394e,Featherweight,304a21d0595e1a08,Justin Jaynes
a1d6b308781aa2f5,23c7c6ceee34585f,,,,,38c626ca912c7bac,Lightweight,38c626ca912c7bac,Damir Hadzovic
a1d6b308781aa2f5,23c7c6ceee34585f,,,,,38c626ca912c7bac,Lightweight,813550bc53b15fb0,Yancy Medeiros
9ddfb3369a3b0394,50cae63d530ede7c,,,,,c451d67c09c55418,Featherweight,c451d67c09c55418,Chan Sung Jung
9ddfb3369a3b0394,50cae63d530ede7c,,,,,c451d67c09c55418,Featherweight,82a5152216251682,Dan Ige
9ddfb3369a3b0394,6fd9a013cea5a403,,,,,e2f6b2769aaedd6c,Heavyweight,e2f6b2769aaedd6c,Serghei Spivac
9ddfb3369a3b0394,6fd9a013cea5a403,,,,,e2f6b2769aaedd6c,Heavyweight,98c23cb6da5b3352,Aleksei Oleinik
9ddfb3369a3b0394,a83ebbf013905949,,,,,7c7332319c14094c,Bantamweight,7c7332319c14094c,Marlon Vera
9ddfb3369a3b0394,a83ebbf013905949,,,,,7c7332319c14094c,Bantamweight,113df4fde64735c6,Davey Grant
9ddfb3369a3b0394,d3c0dfa57950aefd,,,,,a68575214ecad140,Featherweight,a68575214ecad140,SeungWoo Choi
9ddfb3369a3b0394,d3c0dfa57950aefd,,,,,a68575214ecad140,Featherweight,902ec2cc48c8ae8a,Julian Erosa
9ddfb3369a3b0394,bb1ac382e0277b3f,,,,,12ebd7d157e91701,Middleweight,12ebd7d157e91701,Bruno Silva
9ddfb3369a3b0394,bb1ac382e0277b3f,,,,,12ebd7d157e91701,Middleweight,4dcfb28c011c11b2,Wellington Turman
9ddfb3369a3b0394,2bdf774dc8b17504,,,,,31123249b0bbf52e,Welterweight,31123249b0bbf52e,Matt Brown
9ddfb3369a3b0394,2bdf774dc8b17504,,,,,31123249b0bbf52e,Welterweight,e9213f53ddeca978,Dhiego Lima
9ddfb3369a3b0394,744627aec853874e,,,,,8c57c7b8c3bab0eb,Light Heavyweight,8c57c7b8c3bab0eb,Nicolae Negumereanu
9ddfb3369a3b0394,744627aec853874e,,,,,8c57c7b8c3bab0eb,Light Heavyweight,c2a670b22d2e196f,Aleksa Camur
9ddfb3369a3b0394,53ed3f8f653b37b2,,,,,7dda2cf308f24a02,Women's Strawweight,7dda2cf308f24a02,Virna Jandiroba
9ddfb3369a3b0394,53ed3f8f653b37b2,,,,,7dda2cf308f24a02,Women's Strawweight,e0b0cf71e0d69dd0,Kanako Murata
9ddfb3369a3b0394,87c8e086c29ae543,,,,,2558ae2e5671e318,Welterweight,2558ae2e5671e318,Khaos Williams
9ddfb3369a3b0394,87c8e086c29ae543,,,,,2558ae2e5671e318,Welterweight,4aa58269d0664b5b,Matthew Semelsberger
9ddfb3369a3b0394,e8fd128286788a6d,,,,,b5da8f7d05e85a55,Heavyweight,b5da8f7d05e85a55,Josh Parisian
9ddfb3369a3b0394,e8fd128286788a6d,,,,,b5da8f7d05e85a55,Heavyweight,2c5a0b8317f8f27a,Roque Martinez
9ddfb3369a3b0394,1e9f081a84e7ec18,,,,,814ff3018127e8fc,Lightweight,814ff3018127e8fc,Ricky Glenn
9ddfb3369a3b0394,1e9f081a84e7ec18,,,,,814ff3018127e8fc,Lightweight,ae7fe94f117f98cf,Joaquim Silva
9ddfb3369a3b0394,d684d8b02ab53031,,,,,04835018f90b118c,Women's Flyweight,04835018f90b118c,Casey O'Neill
9ddfb3369a3b0394,d684d8b02ab53031,,,,,04835018f90b118c,Women's Flyweight,e99821959a840bb8,Lara Procopio
0b64d0fed453ef7f,6cd44e1b2d093ea4,,,,,1338e2c7480bdf9e,Middleweight,1338e2c7480bdf9e,Israel Adesanya
0b64d0fed453ef7f,6cd44e1b2d093ea4,,,,,1338e2c7480bdf9e,Middleweight,7acbb0972e75281a,Marvin Vettori
0b64d0fed453ef7f,0f51869f98afa6c0,,,,,792be9a24df82ed6,Flyweight,792be9a24df82ed6,Brandon Moreno
0b64d0fed453ef7f,0f51869f98afa6c0,,,,,792be9a24df82ed6,Flyweight,aa72b0f831d0bfe5,Deiveson Figueiredo
0b64d0fed453ef7f,b070b8c2c489d838,,,,,f1fac969a1d70b08,Welterweight,f1fac969a1d70b08,Leon Edwards
0b64d0fed453ef7f,b070b8c2c489d838,,,,,f1fac969a1d70b08,Welterweight,8355922d564b152c,Nate Diaz
0b64d0fed453ef7f,43dfb2c1e5fecac9,,,,,b1b0729d27936f2f,Welterweight,b1b0729d27936f2f,Belal Muhammad
0b64d0fed453ef7f,43dfb2c1e5fecac9,,,,,b1b0729d27936f2f,Welterweight,427b5953ac8e3a27,Demian Maia
0b64d0fed453ef7f,4560734220b96851,,,,,eabf206b162b3b83,Light Heavyweight,eabf206b162b3b83,Paul Craig
0b64d0fed453ef7f,4560734220b96851,,,,,eabf206b162b3b83,Light Heavyweight,5444c5a201d3ee5a,Jamahal Hill
0b64d0fed453ef7f,7d2051c6bae907cb,,,,,37ed1ab2f8b819f4,Lightweight,37ed1ab2f8b819f4,Brad Riddell
0b64d0fed453ef7f,7d2051c6bae907cb,,,,,37ed1ab2f8b819f4,Lightweight,519e4fe37ce9ff75,Drew Dober
0b64d0fed453ef7f,9127a6430e46292c,,,,,cad24459b28592ca,Light Heavyweight,cad24459b28592ca,Eryk Anders
0b64d0fed453ef7f,9127a6430e46292c,,,,,cad24459b28592ca,Light Heavyweight,a17ad5a5048e8c3f,Darren Stewart
0b64d0fed453ef7f,34cb6e9952cd30a4,,,,,729d4bd5a6cd0a97,Women's Flyweight,729d4bd5a6cd0a97,Lauren Murphy
0b64d0fed453ef7f,34cb6e9952cd30a4,,,,,729d4bd5a6cd0a97,Women's Flyweight,12f91bfa8f1f723b,Joanne Calderwood
0b64d0fed453ef7f,d66164d2c770da68,,,,,76e2870ffafbe38f,Featherweight,76e2870ffafbe38f,Movsar Evloev
0b64d0fed453ef7f,d66164d2c770da68,,,,,76e2870ffafbe38f,Featherweight,2c9d00968f818270,Hakeem Dawodu
0b64d0fed453ef7f,34d38d77c1d3f00e,,,,,91dac5e69e28d5b5,Women's Bantamweight,91dac5e69e28d5b5,Pannie Kianzad
0b64d0fed453ef7f,34d38d77c1d3f00e,,,,,91dac5e69e28d5b5,Women's Bantamweight,4c2d90e335e6df19,Alexis Davis
0b64d0fed453ef7f,d4ad90ac58429b64,,,,,809bd1a871491508,Lightweight,809bd1a871491508,Terrance McKinney
0b64d0fed453ef7f,d4ad90ac58429b64,,,,,809bd1a871491508,Lightweight,dccb63727f2f5f74,Matt Frevola
0b64d0fed453ef7f,84cde29aebf6c00c,,,,,b93c06d09d1c4ac0,Featherweight,b93c06d09d1c4ac0,Steven Peterson
0b64d0fed453ef7f,84cde29aebf6c00c,,,,,b93c06d09d1c4ac0,Featherweight,971246648e162f0d,Chase Hooper
0b64d0fed453ef7f,dedb74ee9d84deab,,,,,1e4f273069fb9e85,Lightweight,1e4f273069fb9e85,Fares Ziam
0b64d0fed453ef7f,dedb74ee9d84deab,,,,,1e4f273069fb9e85,Lightweight,2f1a257d6777096d,Luigi Vendramini
0b64d0fed453ef7f,1b4d5dbf5f663a97,,,,,a2ea77e974c5889f,Heavyweight,a2ea77e974c5889f,Carlos Felipe
0b64d0fed453ef7f,1b4d5dbf5f663a97,,,,,a2ea77e974c5889f,Heavyweight,92fa1401b7927da3,Jake Collier
3b2485c8d5c8b580,2c0cddd12deb7450,,,,,2cd428e9606856fd,Heavyweight,2cd428e9606856fd,Jairzinho Rozenstruik
3b2485c8d5c8b580,2c0cddd12deb7450,,,,,2cd428e9606856fd,Heavyweight,441eacbe20e0e80b,Augusto Sakai
3b2485c8d5c8b580,f187c7ec92f43828,,,,,c9cf753cfdf77fc2,Heavyweight,c9cf753cfdf77fc2,Marcin Tybura
3b2485c8d5c8b580,f187c7ec92f43828,,,,,c9cf753cfdf77fc2,Heavyweight,03f982ca3735070c,Walt Harris
3b2485c8d5c8b580,bb6438338bb8aebf,,,,,327d5f279895110d,Middleweight,327d5f279895110d,Roman Dolidze
3b2485c8d5c8b580,bb6438338bb8aebf,,,,,327d5f279895110d,Middleweight,a12a8314adc1c1c9,Laureano Staropoli
3b2485c8d5c8b580,5c0e5d850d8e661f,,,,,6d1bffff14897645,Welterweight,6d1bffff14897645,Santiago Ponzinibbio
3b2485c8d5c8b580,5c0e5d850d8e661f,,,,,6d1bffff14897645,Welterweight,82d4c957649faf9b,Miguel Baeza
3b2485c8d5c8b580,9252ad2304fd9a26,,,,,d1c65d2cf2925ddd,Middleweight,d1c65d2cf2925ddd,Gregory Rodrigues
3b2485c8d5c8b580,9252ad2304fd9a26,,,,,d1c65d2cf2925ddd,Middleweight,866fd7b1a6c90e7f,Dusko Todorovic
3b2485c8d5c8b580,1a50d5c7e1e5c058,,,,,80d8aed0ca9b00f3,Women's Flyweight,80d8aed0ca9b00f3,Montana De La Rosa
3b2485c8d5c8b580,1a50d5c7e1e5c058,,,,,80d8aed0ca9b00f3,Women's Flyweight,6551c64fbcd1a467,Ariane Lipski
3b2485c8d5c8b580,0716a38768a34789,,,,,e9a3aeb207578eea,Heavyweight,e9a3aeb207578eea,Ilir Latifi
3b2485c8d5c8b580,0716a38768a34789,,,,,e9a3aeb207578eea,Heavyweight,04c8b08b16a5b99e,Tanner Boser
3b2485c8d5c8b580,23b943e9ce495f0b,,,,,447f9858ae78f921,Welterweight,447f9858ae78f921,Muslim Salikhov
3b2485c8d5c8b580,23b943e9ce495f0b,,,,,447f9858ae78f921,Welterweight,a8283a4f415e1eb9,Francisco Trinaldo
3b2485c8d5c8b580,827aacd14f80e8f3,,,,,c7d7fda69ec410d3,Featherweight,c7d7fda69ec410d3,Kamuela Kirk
3b2485c8d5c8b580,827aacd14f80e8f3,,,,,c7d7fda69ec410d3,Featherweight,87a1dc546b1c5caf,Makwan Amirkhani
3b2485c8d5c8b580,9cdfcd164b48f55e,,,,,,Lightweight,cd7763bcadb5d4c8,Alan Patrick
3b2485c8d5c8b580,9cdfcd164b48f55e,,,,,,Lightweight,f6ad6a1e4d600e0d,Mason Jones
3b2485c8d5c8b580,419d1e29668b57fb,,,,,34ff304266360297,Women's Flyweight,34ff304266360297,Manon Fiorot
3b2485c8d5c8b580,419d1e29668b57fb,,,,,34ff304266360297,Women's Flyweight,d25240135aee03e5,Tabatha Ricci
3b2485c8d5c8b580,73a83b2595416f0a,,,,,4682bc59d5f55145,Featherweight,4682bc59d5f55145,Sean Woodson
3b2485c8d5c8b580,73a83b2595416f0a,,,,,4682bc59d5f55145,Featherweight,52c2ae6d2f2d2613,Youssef Zalal
3b2485c8d5c8b580,58c5d506181812fa,,,,,d747eb273a40a920,Lightweight,d747eb273a40a920,Claudio Puelles
3b2485c8d5c8b580,58c5d506181812fa,,,,,d747eb273a40a920,Lightweight,ac026518a9b4dc0f,Jordan Leavitt
277ffed20cf07aea,d16f7ab4e28171ea,,,,,05339613bf8e9808,Bantamweight,05339613bf8e9808,Rob Font
277ffed20cf07aea,d16f7ab4e28171ea,,,,,05339613bf8e9808,Bantamweight,d8c7c61b176e3994,Cody Garbrandt
277ffed20cf07aea,16369fa06392f6a0,,,,,d910665038efc639,Women's Strawweight,d910665038efc639,Carla Esparza
277ffed20cf07aea,16369fa06392f6a0,,,,,d910665038efc639,Women's Strawweight,c41d426cc7326d1b,Yan Xiaonan
277ffed20cf07aea,559c0c3d752f327a,,,,,2b68d9f125d07b42,Heavyweight,2b68d9f125d07b42,Jared Vanderaa
277ffed20cf07aea,559c0c3d752f327a,,,,,2b68d9f125d07b42,Heavyweight,e13abac8089a801a,Justin Tafa
277ffed20cf07aea,138f719d370e8ba0,,,,,d3f5d33d61cd00c9,Women's Featherweight,d3f5d33d61cd00c9,Norma Dumont
277ffed20cf07aea,138f719d370e8ba0,,,,,d3f5d33d61cd00c9,Women's Featherweight,39d91e95949de3d9,Felicia Spencer
277ffed20cf07aea,ae0afbff5ba07a34,,,,,1ae8f3c723aacff4,Featherweight,1ae8f3c723aacff4,Ricardo Ramos
277ffed20cf07aea,ae0afbff5ba07a34,,,,,1ae8f3c723aacff4,Featherweight,9abc648e76c4493a,Bill Algeo
277ffed20cf07aea,7f8340dfe4220c3e,,,,,0a1942069c9ad6b6,Middleweight,0a1942069c9ad6b6,Jack Hermansson
277ffed20cf07aea,7f8340dfe4220c3e,,,,,0a1942069c9ad6b6,Middleweight,4144798612ef96e5,Edmen Shahbazyan
277ffed20cf07aea,3627f5133ce55902,,,,,bd58d34e39b7b12a,Heavyweight,bd58d34e39b7b12a,Ben Rothwell
277ffed20cf07aea,3627f5133ce55902,,,,,bd58d34e39b7b12a,Heavyweight,7a5e8c94a86f9895,Chris Barnett
277ffed20cf07aea,e624d85a0d718578,,,,,523fa774700d7d3f,Welterweight,523fa774700d7d3f,Court McGee
277ffed20cf07aea,e624d85a0d718578,,,,,523fa774700d7d3f,Welterweight,6f7c616b98e18c29,Claudio Silva
277ffed20cf07aea,b381dc272b32ce03,,,,,294aa73dbf37d281,Flyweight,294aa73dbf37d281,Bruno Silva
277ffed20cf07aea,b381dc272b32ce03,,,,,294aa73dbf37d281,Flyweight,f6e5972c9d16c40e,Victor Rodriguez
277ffed20cf07aea,c7cf2194fe5c751f,,,,,6751eacd16bd59bc,Featherweight,6751eacd16bd59bc,Josh Culibao
277ffed20cf07aea,c7cf2194fe5c751f,,,,,6751eacd16bd59bc,Featherweight,0a73acff6325c1e2,Shayilan Nuerdanbieke
277ffed20cf07aea,d44a814b106b94ff,,,,,9ada30894bf04e19,Flyweight,9ada30894bf04e19,David Dvorak
277ffed20cf07aea,d44a814b106b94ff,,,,,9ada30894bf04e19,Flyweight,4a043165cf47cab2,Juancamilo Ronderos
277ffed20cf07aea,82d48296fd06c27f,,,,,135d124172a0bea3,Lightweight,135d124172a0bea3,Damir Ismagulov
277ffed20cf07aea,82d48296fd06c27f,,,,,135d124172a0bea3,Lightweight,029afd138865d20a,Rafael Alves
744f50016c39c26c,fef29aa73bd5b907,,,,,07225ba28ae309b6,Lightweight,07225ba28ae309b6,Charles Oliveira
744f50016c39c26c,fef29aa73bd5b907,,,,,07225ba28ae309b6,Lightweight,4b93a88f3b1de35b,Michael Chandler
744f50016c39c26c,cfbaeb80b5ff7c00,,,,,08af939f41b5a57b,Lightweight,08af939f41b5a57b,Beneil Dariush
744f50016c39c26c,cfbaeb80b5ff7c00,,,,,08af939f41b5a57b,Lightweight,22a92d7f62195791,Tony Ferguson
744f50016c39c26c,969aa613824c5dfe,,,,,07a2bdaa0afdd831,Bantamweight,07a2bdaa0afdd831,Rogerio Bontorin
744f50016c39c26c,969aa613824c5dfe,,,,,07a2bdaa0afdd831,Bantamweight,67c1d46f4ed16f9e,Matt Schnell
744f50016c39c26c,8cb4e3f056a84b0d,,,,,e872e9a9a902c045,Women's Flyweight,e872e9a9a902c045,Katlyn Chookagian
744f50016c39c26c,8cb4e3f056a84b0d,,,,,e872e9a9a902c045,Women's Flyweight,36541f1e6c5d4955,Viviane Araujo
744f50016c39c26c,6655a8da2655f2d0,,,,,64a50dad704d1d49,Featherweight,64a50dad704d1d49,Edson Barboza
744f50016c39c26c,6655a8da2655f2d0,,,,,64a50dad704d1d49,Featherweight,98d961097baaf308,Shane Burgos
744f50016c39c26c,ca22bafab913aae7,,,,,886264a0c9f4ea5e,Middleweight,886264a0c9f4ea5e,Andre Muniz
744f50016c39c26c,ca22bafab913aae7,,,,,886264a0c9f4ea5e,Middleweight,7a703c565ccaa18f,Jacare Souza
744f50016c39c26c,be2e28ba3bdeb400,,,,,f9b200db02b488d9,Featherweight,f9b200db02b488d9,Lando Vannata
744f50016c39c26c,be2e28ba3bdeb400,,,,,f9b200db02b488d9,Featherweight,56fcb2c4d99f9d1b,Mike Grundy
744f50016c39c26c,5573d46130d6b967,,,,,c878270af633eb11,Middleweight,c878270af633eb11,Jordan Wright
744f50016c39c26c,5573d46130d6b967,,,,,c878270af633eb11,Middleweight,830f60497fab345a,Jamie Pickett
744f50016c39c26c,2b894d87ad9aae05,,,,,05fa626cb33d15b8,Women's Flyweight,05fa626cb33d15b8,Andrea Lee
744f50016c39c26c,2b894d87ad9aae05,,,,,05fa626cb33d15b8,Women's Flyweight,d7338bcb141abd2c,Antonina Shevchenko
744f50016c39c26c,bfd672cac0726a9a,,,,,b1e5bcaad32a3cac,Women's Flyweight,b1e5bcaad32a3cac,Priscila Cachoeira
744f50016c39c26c,bfd672cac0726a9a,,,,,b1e5bcaad32a3cac,Women's Flyweight,016a8d958883167c,Gina Mazany
744f50016c39c26c,1f2f27b36e79da74,,,,,7832f2f62f04178f,Featherweight,7832f2f62f04178f,Tucker Lutz
744f50016c39c26c,1f2f27b36e79da74,,,,,7832f2f62f04178f,Featherweight,cf946e03ba2e7666,Kevin Aguilar
744f50016c39c26c,de332779baa1b103,,,,,de45aaae23dfa392,Lightweight,de45aaae23dfa392,Christos Giagos
744f50016c39c26c,de332779baa1b103,,,,,de45aaae23dfa392,Lightweight,bd5403efbaa445c0,Sean Soriano
58a36b4ccf5dc30e,b948102c6205af63,,,,,cd2c4d30c6e13b47,Women's Flyweight,cd2c4d30c6e13b47,Marina Rodriguez
58a36b4ccf5dc30e,b948102c6205af63,,,,,cd2c4d30c6e13b47,Women's Flyweight,eb04b9d31e938edb,Michelle Waterson
58a36b4ccf5dc30e,db2c805201a3116e,,,,,cdb96af67d096b1e,Welterweight,cdb96af67d096b1e,Alex Morono
58a36b4ccf5dc30e,db2c805201a3116e,,,,,cdb96af67d096b1e,Welterweight,1d00756835ca67c9,Donald Cerrone
58a36b4ccf5dc30e,178c4926223dca0c,,,,,84b3e7d38f2d2ec5,Welterweight,84b3e7d38f2d2ec5,Neil Magny
58a36b4ccf5dc30e,178c4926223dca0c,,,,,84b3e7d38f2d2ec5,Welterweight,b997be68943010fc,Geoff Neal
58a36b4ccf5dc30e,3f71ac21472f994c,,,,,ab943cd2c3c17825,Heavyweight,ab943cd2c3c17825,Marcos Rogerio de Lima
58a36b4ccf5dc30e,3f71ac21472f994c,,,,,ab943cd2c3c17825,Heavyweight,068f8a189a47fea6,Maurice Greene
58a36b4ccf5dc30e,295a0bf12a7373c0,,,,,84ff027394f7e470,Lightweight,84ff027394f7e470,Gregor Gillespie
58a36b4ccf5dc30e,295a0bf12a7373c0,,,,,84ff027394f7e470,Lightweight,f53d4f21d1b5f2dc,Diego Ferreira
58a36b4ccf5dc30e,00fbeda449926c13,,,,,547afe1017e72dbe,Middleweight,547afe1017e72dbe,Phil Hawes
58a36b4ccf5dc30e,00fbeda449926c13,,,,,547afe1017e72dbe,Middleweight,d6c0cdd7e467c440,Kyle Daukaus
58a36b4ccf5dc30e,4ffbadfb86284af5,,,,,5bf31a46becc1204,Featherweight,5bf31a46becc1204,Michael Trizano
58a36b4ccf5dc30e,4ffbadfb86284af5,,,,,5bf31a46becc1204,Featherweight,5b86d491d63890c5,Ludovit Klein
58a36b4ccf5dc30e,8a95f0e3f9111f0c,,,,,285ae0b4a68221f4,Middleweight,285ae0b4a68221f4,Junyong Park
58a36b4ccf5dc30e,8a95f0e3f9111f0c,,,,,285ae0b4a68221f4,Middleweight,6aae253467e8f9ce,Tafon Nchukwi
58a36b4ccf5dc30e,37fda56a435a9b24,,,,,a53d30163304aa6e,Welterweight,a53d30163304aa6e,Carlston Harris
58a36b4ccf5dc30e,37fda56a435a9b24,,,,,a53d30163304aa6e,Welterweight,ae071698e1a3ccd4,Christian Aguilera
d57e6a8971b6d2bd,394802bb096b403e,,,,,009341ed974bad72,Light Heavyweight,009341ed974bad72,Jiri Prochazka
d57e6a8971b6d2bd,394802bb096b403e,,,,,009341ed974bad72,Light Heavyweight,2e19380f34871c6a,Dominick Reyes
d57e6a8971b6d2bd,2f82e8079ba354f4,,,,,9560ff14eb3129f7,Featherweight,9560ff14eb3129f7,Giga Chikadze
d57e6a8971b6d2bd,2f82e8079ba354f4,,,,,9560ff14eb3129f7,Featherweight,d247691a6c0e9034,Cub Swanson
d57e6a8971b6d2bd,ec8d93ae99a7799d,,,,,DRAW,Light Heavyweight,cd13728ae1151f46,Ion Cutelaba
d57e6a8971b6d2bd,ec8d93ae99a7799d,,,,,DRAW,Light Heavyweight,e4277e87a789d687,Dustin Jacoby
d57e6a8971b6d2bd,ffd8e8575a551875,,,,,0d8011111be000b2,Middleweight,0d8011111be000b2,Sean Strickland
d57e6a8971b6d2bd,ffd8e8575a551875,,,,,0d8011111be000b2,Middleweight,4e06913c91da5200,Krzysztof Jotko
d57e6a8971b6d2bd,26202a4bd36d3fd2,,,,,c03520b5c88ed6b4,Bantamweight,c03520b5c88ed6b4,Merab Dvalishvili
d57e6a8971b6d2bd,26202a4bd36d3fd2,,,,,c03520b5c88ed6b4,Bantamweight,bf7ad5628363eec9,Cody Stamann
d57e6a8971b6d2bd,c9c79de21823d941,,,,,a3a542074109b347,Women's Strawweight,a3a542074109b347,Luana Pinheiro
d57e6a8971b6d2bd,c9c79de21823d941,,,,,a3a542074109b347,Women's Strawweight,4a57ebb14315b251,Randa Markos
d57e6a8971b6d2bd,d72f9b3ac742a9e3,,,,,d31cbcdd7d69536d,Featherweight,d31cbcdd7d69536d,TJ Brown
d57e6a8971b6d2bd,d72f9b3ac742a9e3,,,,,d31cbcdd7d69536d,Featherweight,eee0ef3e2b14816b,Kai Kamaka
d57e6a8971b6d2bd,2ef09c8fe29251ac,,,,,528b071cf3da7c56,Women's Flyweight,528b071cf3da7c56,Luana Carolina
d57e6a8971b6d2bd,2ef09c8fe29251ac,,,,,528b071cf3da7c56,Women's Flyweight,5c126c6aac3ef364,Poliana Botelho
d57e6a8971b6d2bd,d6b5a6ad27a730ae,,,,,4e30e4250cb08b61,Women's Strawweight,4e30e4250cb08b61,Loma Lookboonmee
d57e6a8971b6d2bd,d6b5a6ad27a730ae,,,,,4e30e4250cb08b61,Women's Strawweight,e94085e821bd81de,Sam Hughes
d57e6a8971b6d2bd,78dc032441394331,,,,,79325a3c1a5c3bf4,Middleweight,79325a3c1a5c3bf4,Andreas Michailidis
d57e6a8971b6d2bd,78dc032441394331,,,,,79325a3c1a5c3bf4,Middleweight,9cd047a828dd7515,KB Bhullar
d57e6a8971b6d2bd,3d790112d2e6d851,,,,,dbac0a413af64bbe,Featherweight,dbac0a413af64bbe,Felipe Colares
d57e6a8971b6d2bd,3d790112d2e6d851,,,,,dbac0a413af64bbe,Featherweight,96428b9e9bd048ea,Luke Sanders
27541033b97c076d,6a5eb525331fa1fc,,,,,f1b2aa7853d1ed6e,Welterweight,f1b2aa7853d1ed6e,Kamaru Usman
27541033b97c076d,6a5eb525331fa1fc,,,,,f1b2aa7853d1ed6e,Welterweight,47b9e0e7703a4868,Jorge Masvidal
27541033b97c076d,6d8da45352344964,,,,,47b63240018d5d86,Women's Strawweight,47b63240018d5d86,Rose Namajunas
27541033b97c076d,6d8da45352344964,,,,,47b63240018d5d86,Women's Strawweight,1ebe20ebbfa15e29,Zhang Weili
27541033b97c076d,34d2632fd26e7078,,,,,132deb59abae64b1,Women's Flyweight,132deb59abae64b1,Valentina Shevchenko
27541033b97c076d,34d2632fd26e7078,,,,,132deb59abae64b1,Women's Flyweight,6a1901c62ab3870f,Jessica Andrade
27541033b97c076d,1820fed0fbcf6294,,,,,65578a75fa7900e3,Middleweight,65578a75fa7900e3,Uriah Hall
27541033b97c076d,1820fed0fbcf6294,,,,,65578a75fa7900e3,Middleweight,3a8176e15b9887c1,Chris Weidman
27541033b97c076d,00bbcd4a6d647fdf,,,,,d4c9dcd330403612,Light Heavyweight,d4c9dcd330403612,Anthony Smith
27541033b97c076d,00bbcd4a6d647fdf,,,,,d4c9dcd330403612,Light Heavyweight,70e1f8a821b72c8b,Jimmy Crute
27541033b97c076d,512af32553d9bd70,,,,,c6aee362c7a7d482,Welterweight,c6aee362c7a7d482,Randy Brown
27541033b97c076d,512af32553d9bd70,,,,,c6aee362c7a7d482,Welterweight,57b10fca4f9c9a7a,Alex Oliveira
27541033b97c076d,c5dfce1eaa2dc169,,,,,8be158ca1e5ea6a0,Welterweight,8be158ca1e5ea6a0,Dwight Grant
27541033b97c076d,c5dfce1eaa2dc169,,,,,8be158ca1e5ea6a0,Welterweight,348dff4e03bd18c6,Stefan Sekulic
27541033b97c076d,f5dd0a24a7dba53c,,,,,2f181c0467965b98,Middleweight,2f181c0467965b98,Brendan Allen
27541033b97c076d,f5dd0a24a7dba53c,,,,,2f181c0467965b98,Middleweight,37d5b176d438d2a5,Karl Roberson
27541033b97c076d,6a7347d1da8a2b87,,,,,b8bbdeff718dbb7d,Featherweight,b8bbdeff718dbb7d,Pat Sabatini
27541033b97c076d,6a7347d1da8a2b87,,,,,b8bbdeff718dbb7d,Featherweight,2ebfbe72ed703925,Tristan Connelly
27541033b97c076d,eb5d62bda1581c62,,,,,3b0a516d2921e0d6,Bantamweight,3b0a516d2921e0d6,Danaa Batgerel
27541033b97c076d,eb5d62bda1581c62,,,,,3b0a516d2921e0d6,Bantamweight,0c258d1d8e16e5f1,Kevin Natividad
27541033b97c076d,c3b8d8e7d256c307,,,,,ec18eb918121787c,Lightweight,ec18eb918121787c,Kazula Vargas
27541033b97c076d,c3b8d8e7d256c307,,,,,ec18eb918121787c,Lightweight,a13d755965a4ec9f,Rong Zhu
27541033b97c076d,b5a8323de18f7e95,,,,,008ea710276c9606,Flyweight,008ea710276c9606,Jeff Molina
27541033b97c076d,b5a8323de18f7e95,,,,,008ea710276c9606,Flyweight,7d420039bbfe7c1a,Aoriqileng
27541033b97c076d,a3cde349c8e018fb,,,,,c0d5c0c95c59050b,Women's Strawweight,c0d5c0c95c59050b,Ariane Carnelossi
27541033b97c076d,a3cde349c8e018fb,,,,,c0d5c0c95c59050b,Women's Strawweight,ec0dcceace7d25a3,Na Liang
4a35913bd9aa4161,f67aa0b16e16a9ea,,,,,e1147d3d2dabe1ce,Middleweight,e1147d3d2dabe1ce,Robert Whittaker
4a35913bd9aa4161,f67aa0b16e16a9ea,,,,,e1147d3d2dabe1ce,Middleweight,8c0580d4fff106c1,Kelvin Gastelum
4a35913bd9aa4161,f2c82f027201ba21,,,,,3738e68d2261e60f,Heavyweight,3738e68d2261e60f,Andrei Arlovski
4a35913bd9aa4161,f2c82f027201ba21,,,,,3738e68d2261e60f,Heavyweight,01b352b6a9074d5c,Chase Sherman
4a35913bd9aa4161,a850ba762f3c5334,,,,,d4270315cbcf2569,Middleweight,d4270315cbcf2569,Jacob Malkoun
4a35913bd9aa4161,a850ba762f3c5334,,,,,d4270315cbcf2569,Middleweight,eae431e70064e046,Abdul Razak Alhassan
4a35913bd9aa4161,0b2c3c4306620d6d,,,,,68d4a891e5cf2029,Women's Flyweight,68d4a891e5cf2029,Tracy Cortez
4a35913bd9aa4161,0b2c3c4306620d6d,,,,,68d4a891e5cf2029,Women's Flyweight,928ae2e5b5f7a9ec,Justine Kish
4a35913bd9aa4161,a33ecd2c88154890,,,,,2844b047183a1adb,Lightweight,2844b047183a1adb,Luis Pena
4a35913bd9aa4161,a33ecd2c88154890,,,,,2844b047183a1adb,Lightweight,f8f1ec513bcfef43,Alexander Munoz
4a35913bd9aa4161,fdfe4e7cb2d0b665,,,,,c0badf3243907e59,Heavyweight,c0badf3243907e59,Alexandr Romanov
4a35913bd9aa4161,fdfe4e7cb2d0b665,,,,,c0badf3243907e59,Heavyweight,ccf5dc41417e9daf,Juan Espino
4a35913bd9aa4161,25d4376e00b16510,,,,,c742287ed86a09bc,Women's Strawweight,c742287ed86a09bc,Jessica Penne
4a35913bd9aa4161,25d4376e00b16510,,,,,c742287ed86a09bc,Women's Strawweight,8e5d953bdb9ae5e7,Loopy Godinez
4a35913bd9aa4161,627c0a50cff30405,,,,,6ac9bc2953c47345,Middleweight,6ac9bc2953c47345,Gerald Meerschaert
4a35913bd9aa4161,627c0a50cff30405,,,,,6ac9bc2953c47345,Middleweight,e17ac6410c8377f4,Bartosz Fabinski
4a35913bd9aa4161,8d634c9240f161dd,,,,,d2cd7a69cc55e7ed,Lightweight,d2cd7a69cc55e7ed,Austin Hubbard
4a35913bd9aa4161,8d634c9240f161dd,,,,,d2cd7a69cc55e7ed,Lightweight,3033c1c080672475,Dakota Bush
4a35913bd9aa4161,24ff385ca78c80d3,,,,,601964f9654f911a,Bantamweight,601964f9654f911a,Tony Gravely
4a35913bd9aa4161,24ff385ca78c80d3,,,,,601964f9654f911a,Bantamweight,c5a126ace82a6025,Anthony Birchak
9114c8ded5ccd71d,ddd63237f1b857a6,,,,,7acbb0972e75281a,Middleweight,7acbb0972e75281a,Marvin Vettori
9114c8ded5ccd71d,ddd63237f1b857a6,,,,,7acbb0972e75281a,Middleweight,3a46b268013afede,Kevin Holland
9114c8ded5ccd71d,71b81d8199a0fa19,,,,,040a74bb0a465c54,Featherweight,040a74bb0a465c54,Arnold Allen
9114c8ded5ccd71d,71b81d8199a0fa19,,,,,040a74bb0a465c54,Featherweight,94426bb170c88115,Sodiq Yusuff
9114c8ded5ccd71d,646eeca9447c6965,,,,,d0e1b42d41dab603,Middleweight,d0e1b42d41dab603,Julian Marquez
9114c8ded5ccd71d,646eeca9447c6965,,,,,d0e1b42d41dab603,Middleweight,d156513a19acf856,Sam Alvey
9114c8ded5ccd71d,0992795fd0fa06d0,,,,,7447e9f28508106a,Women's Strawweight,7447e9f28508106a,Mackenzie Dern
9114c8ded5ccd71d,0992795fd0fa06d0,,,,,7447e9f28508106a,Women's Strawweight,d343df8ba11f4c4e,Nina Nunes
9114c8ded5ccd71d,ac9a8b73e58f3d71,,,,,8a1f3b5c526cd6e6,Welterweight,8a1f3b5c526cd6e6,Daniel Rodriguez
9114c8ded5ccd71d,ac9a8b73e58f3d71,,,,,8a1f3b5c526cd6e6,Welterweight,f2b6fdb20675b11c,Mike Perry
9114c8ded5ccd71d,e27c28928ed4390f,,,,,af65aa688d13eedf,Lightweight,af65aa688d13eedf,Joe Solecki
9114c8ded5ccd71d,e27c28928ed4390f,,,,,af65aa688d13eedf,Lightweight,d1941565abf50b16,Jim Miller
9114c8ded5ccd71d,998296216e7171ed,,,,,72db2a14ffa73ece,Lightweight,72db2a14ffa73ece,Mateusz Gamrot
9114c8ded5ccd71d,998296216e7171ed,,,,,72db2a14ffa73ece,Lightweight,df1eb4354d18a906,Scott Holtzman
9114c8ded5ccd71d,7aebf01b5afc0109,,,,,c21a036b4e012f1c,Lightweight,c21a036b4e012f1c,John Makdessi
9114c8ded5ccd71d,7aebf01b5afc0109,,,,,c21a036b4e012f1c,Lightweight,e4a47b07044ddd72,Ignacio Bahamondes
9114c8ded5ccd71d,444f0a732695dc81,,,,,8614b7134913f5d5,Heavyweight,8614b7134913f5d5,Jarjis Danho
9114c8ded5ccd71d,444f0a732695dc81,,,,,8614b7134913f5d5,Heavyweight,1eff7bc0f815b270,Yorgan De Castro
9114c8ded5ccd71d,1fee9eca658d9808,,,,,b8a85389d115e35a,Bantamweight,b8a85389d115e35a,Jack Shore
9114c8ded5ccd71d,1fee9eca658d9808,,,,,b8a85389d115e35a,Bantamweight,2af2f2e26c4c0402,Hunter Azure
9114c8ded5ccd71d,93a1cd50374397c0,,,,,12e0fdc606f7e274,Featherweight,12e0fdc606f7e274,Luis Saldana
9114c8ded5ccd71d,93a1cd50374397c0,,,,,12e0fdc606f7e274,Featherweight,ebef46976554f975,Jordan Griffin
9114c8ded5ccd71d,cd5d9828b278181a,,,,,74f9448b97bf8bec,Light Heavyweight,74f9448b97bf8bec,Da-Un Jung
9114c8ded5ccd71d,cd5d9828b278181a,,,,,74f9448b97bf8bec,Light Heavyweight,5da33b8fbfa5ee95,William Knight
9114c8ded5ccd71d,3209bcfaf95de90b,,,,,257b0c8d6f199895,Welterweight,257b0c8d6f199895,Impa Kasanganay
9114c8ded5ccd71d,3209bcfaf95de90b,,,,,257b0c8d6f199895,Welterweight,a6c20202c701e5ca,Sasha Palatnikov
6597b611f1c32555,b1eff235241e719b,,,,,8d03ce87ca14e778,Heavyweight,8d03ce87ca14e778,Francis Ngannou
6597b611f1c32555,b1eff235241e719b,,,,,8d03ce87ca14e778,Heavyweight,d28dee5c705991df,Stipe Miocic
6597b611f1c32555,39d188fa9b95d550,,,,,6d4b63c767106d3a,Welterweight,6d4b63c767106d3a,Vicente Luque
6597b611f1c32555,39d188fa9b95d550,,,,,6d4b63c767106d3a,Welterweight,effd9de9937996f8,Tyron Woodley
6597b611f1c32555,0aa335dbc4cb3473,,,,,b50a426a33da0012,Bantamweight,b50a426a33da0012,Sean O'Malley
6597b611f1c32555,0aa335dbc4cb3473,,,,,b50a426a33da0012,Bantamweight,2b074403b7c6cdb4,Thomas Almeida
6597b611f1c32555,8317208cfb030ed3,,,,,f29a6350c69f4a33,Women's Flyweight,f29a6350c69f4a33,Miranda Maverick
6597b611f1c32555,8317208cfb030ed3,,,,,f29a6350c69f4a33,Women's Flyweight,38c7f72747f4f712,Gillian Robertson
6597b611f1c32555,390694c179f05c7f,,,,,af9f42e6894047fc,Lightweight,af9f42e6894047fc,Jamie Mullarkey
6597b611f1c32555,390694c179f05c7f,,,,,af9f42e6894047fc,Lightweight,78e501478a36a018,Khama Worthy
6597b611f1c32555,48292a027df02443,,,,,a495f599e787614f,Light Heavyweight,a495f599e787614f,Alonzo Menifield
6597b611f1c32555,48292a027df02443,,,,,a495f599e787614f,Light Heavyweight,78a68f1dade6aaf7,Fabio Cherant
6597b611f1c32555,4b3af85b0df51d09,,,,,029e1293e609fd74,Welterweight,029e1293e609fd74,Abubakar Nurmagomedov
6597b611f1c32555,4b3af85b0df51d09,,,,,029e1293e609fd74,Welterweight,c730a0be691dc081,Jared Gooden
6597b611f1c32555,6002c24f0b7f8cc7,,,,,0d65c432720accb9,Light Heavyweight,0d65c432720accb9,Michal Oleksiejczuk
6597b611f1c32555,6002c24f0b7f8cc7,,,,,0d65c432720accb9,Light Heavyweight,476fe566d2df676e,Modestas Bukauskas
6597b611f1c32555,2220b73ece1730c3,,,,,a0e6753c42698f13,Featherweight,a0e6753c42698f13,Omar Morales
6597b611f1c32555,2220b73ece1730c3,,,,,a0e6753c42698f13,Featherweight,4cd8b03aee1d0138,Shane Young
6597b611f1c32555,41622791b276ad9e,,,,,8e9eb3fc86db0f7d,Middleweight,8e9eb3fc86db0f7d,Marc-Andre Barriault
6597b611f1c32555,41622791b276ad9e,,,,,8e9eb3fc86db0f7d,Middleweight,46d0a888d87d91ac,Abu Azaitar
c36e1f4fa755ffb4,2efbcd870f1f7bc7,,,,,b1a3e0aca758b322,Middleweight,b1a3e0aca758b322,Derek Brunson
c36e1f4fa755ffb4,2efbcd870f1f7bc7,,,,,b1a3e0aca758b322,Middleweight,3a46b268013afede,Kevin Holland
c36e1f4fa755ffb4,edac9fd482177a64,,,,,b0d6a1d8ac3d563d,Welterweight,b0d6a1d8ac3d563d,Max Griffin
c36e1f4fa755ffb4,edac9fd482177a64,,,,,b0d6a1d8ac3d563d,Welterweight,32490e80ddab1e5a,Song Kenan
c36e1f4fa755ffb4,dd7f3f91ea6067d4,,,,,1235b31de15d0c6e,Women's Strawweight,1235b31de15d0c6e,Montserrat Conejo
c36e1f4fa755ffb4,dd7f3f91ea6067d4,,,,,1235b31de15d0c6e,Women's Strawweight,4959f10a62f3fec3,Cheyanne Buys
c36e1f4fa755ffb4,afc86d1076c4c3a9,,,,,0232cabbc30a2372,Bantamweight,0232cabbc30a2372,Adrian Yanez
c36e1f4fa755ffb4,afc86d1076c4c3a9,,,,,0232cabbc30a2372,Bantamweight,93b62c5f2ba18e51,Gustavo Lopez
c36e1f4fa755ffb4,9e45cc594a5a2506,,,,,c62fbc117d57b943,Heavyweight,c62fbc117d57b943,Tai Tuivasa
c36e1f4fa755ffb4,9e45cc594a5a2506,,,,,c62fbc117d57b943,Heavyweight,f703250471acaf96,Harry Hunsucker
c36e1f4fa755ffb4,dcfbbebc0aee6ded,,,,,9cdd2da1a9104a0b,Women's Bantamweight,9cdd2da1a9104a0b,Macy Chiasson
c36e1f4fa755ffb4,dcfbbebc0aee6ded,,,,,9cdd2da1a9104a0b,Women's Bantamweight,c7d297714d9ab1a4,Marion Reneau
c36e1f4fa755ffb4,a043e279434d5c8c,,,,,99bd51917728c25d,Lightweight,99bd51917728c25d,Grant Dawson
c36e1f4fa755ffb4,a043e279434d5c8c,,,,,99bd51917728c25d,Lightweight,9c65736747ca92ec,Leonardo Santos
c36e1f4fa755ffb4,68cf99b6551dc3b3,,,,,b27a1fcb56a3035a,Middleweight,b27a1fcb56a3035a,Trevin Giles
c36e1f4fa755ffb4,68cf99b6551dc3b3,,,,,b27a1fcb56a3035a,Middleweight,327d5f279895110d,Roman Dolidze
c36e1f4fa755ffb4,b8a0047c927faa75,,,,,cc1a8b4b38b92c6d,Bantamweight,cc1a8b4b38b92c6d,Montel Jackson
c36e1f4fa755ffb4,b8a0047c927faa75,,,,,cc1a8b4b38b92c6d,Bantamweight,8c39367b53eadf8a,Jesse Strader
c36e1f4fa755ffb4,55bf7f19a132e0fc,,,,,294aa73dbf37d281,Flyweight,294aa73dbf37d281,Bruno Silva
c36e1f4fa755ffb4,55bf7f19a132e0fc,,,,,294aa73dbf37d281,Flyweight,0b362247806341e5,JP Buys
8c90c1563972e44d,2c13b938e0f8190b,,,,,,Welterweight,f1fac969a1d70b08,Leon Edwards
8c90c1563972e44d,2c13b938e0f8190b,,,,,,Welterweight,b1b0729d27936f2f,Belal Muhammad
8c90c1563972e44d,4944437e73071671,,,,,a67f5afa8d6a1b80,Light Heavyweight,a67f5afa8d6a1b80,Ryan Spann
8c90c1563972e44d,4944437e73071671,,,,,a67f5afa8d6a1b80,Light Heavyweight,67f272324a030d00,Misha Cirkunov
8c90c1563972e44d,d15a87087b6f1452,,,,,82a5152216251682,Featherweight,82a5152216251682,Dan Ige
8c90c1563972e44d,d15a87087b6f1452,,,,,82a5152216251682,Featherweight,da816417a579a0bd,Gavin Tucker
8c90c1563972e44d,70aa6b8f863e6861,,,,,113df4fde64735c6,Bantamweight,113df4fde64735c6,Davey Grant
8c90c1563972e44d,70aa6b8f863e6861,,,,,113df4fde64735c6,Bantamweight,f2477cf43c4975cc,Jonathan Martinez
8c90c1563972e44d,01f262b68a6a2223,,,,,1a31ef98efce7a79,Flyweight,1a31ef98efce7a79,Matheus Nicolau
8c90c1563972e44d,01f262b68a6a2223,,,,,1a31ef98efce7a79,Flyweight,5d1b7e3dd9e11074,Manel Kape
8c90c1563972e44d,dc48627a5f2daba9,,,,,,Middleweight,cad24459b28592ca,Eryk Anders
8c90c1563972e44d,dc48627a5f2daba9,,,,,,Middleweight,a17ad5a5048e8c3f,Darren Stewart
8c90c1563972e44d,18c67631b76c18e5,,,,,f0feeb2192937424,Women's Strawweight,f0feeb2192937424,Angela Hill
8c90c1563972e44d,18c67631b76c18e5,,,,,f0feeb2192937424,Women's Strawweight,b4c6c904a9ffc5e8,Ashley Yoder
8c90c1563972e44d,bb7ce8a6ba7f7cc5,,,,,f1d64ae34e088832,Featherweight,f1d64ae34e088832,Charles Jourdain
8c90c1563972e44d,bb7ce8a6ba7f7cc5,,,,,f1d64ae34e088832,Featherweight,2804ce8dadab5770,Marcelo Rojo
8c90c1563972e44d,03bdbf2d18f3025d,,,,,94527830000ab715,Bantamweight,94527830000ab715,Rani Yahya
8c90c1563972e44d,03bdbf2d18f3025d,,,,,94527830000ab715,Bantamweight,90e0985df05e51bc,Ray Rodriguez
8c90c1563972e44d,a6828a6dfb21d33c,,,,,b7b84ccd221be298,Lightweight,b7b84ccd221be298,Nasrat Haqparast
8c90c1563972e44d,a6828a6dfb21d33c,,,,,b7b84ccd221be298,Lightweight,e132d47bd9efbbe0,Rafa Garcia
8c90c1563972e44d,e8adfbbe0053c321,,,,,6fd953151d981979,Women's Flyweight,6fd953151d981979,JJ Aldrich
8c90c1563972e44d,e8adfbbe0053c321,,,,,6fd953151d981979,Women's Flyweight,5f179af5fffeb9f6,Cortney Casey
8c90c1563972e44d,8a7b0cd5ad9ca4fe,,,,,d05cb1e8d1b885d8,Women's Strawweight,d05cb1e8d1b885d8,Jinh Yu Frey
8c90c1563972e44d,8a7b0cd5ad9ca4fe,,,,,d05cb1e8d1b885d8,Women's Strawweight,5dd180c8b3196786,Gloria de Paula
8c90c1563972e44d,d0ebb0551377a1c1,,,,,4aa58269d0664b5b,Welterweight,4aa58269d0664b5b,Matthew Semelsberger
8c90c1563972e44d,d0ebb0551377a1c1,,,,,4aa58269d0664b5b,Welterweight,5f3805dda9661cba,Jason Witt
6e2b1d631832921d,7de9867b7cc2b1b1,,,,,99df7d0a2a08a8a8,Light Heavyweight,99df7d0a2a08a8a8,Jan Blachowicz
6e2b1d631832921d,7de9867b7cc2b1b1,,,,,99df7d0a2a08a8a8,Light Heavyweight,1338e2c7480bdf9e,Israel Adesanya
6e2b1d631832921d,fd92fe0c494d0959,,,,,80fa8218c99f9c58,Women's Featherweight,80fa8218c99f9c58,Amanda Nunes
6e2b1d631832921d,fd92fe0c494d0959,,,,,80fa8218c99f9c58,Women's Featherweight,a0e75f4a13eb73f1,Megan Anderson
6e2b1d631832921d,15c9cb5f9320c555,,,,,cb696ebfb6598724,Bantamweight,cb696ebfb6598724,Aljamain Sterling
6e2b1d631832921d,15c9cb5f9320c555,,,,,cb696ebfb6598724,Bantamweight,d661ce4da776fc20,Petr Yan
6e2b1d631832921d,c06d7bb29bc24d00,,,,,275aca31f61ba28c,Lightweight,275aca31f61ba28c,Islam Makhachev
6e2b1d631832921d,c06d7bb29bc24d00,,,,,275aca31f61ba28c,Lightweight,519e4fe37ce9ff75,Drew Dober
6e2b1d631832921d,04a788abbbd1f256,,,,,333b9e5c723ac873,Light Heavyweight,333b9e5c723ac873,Aleksandar Rakic
6e2b1d631832921d,04a788abbbd1f256,,,,,333b9e5c723ac873,Light Heavyweight,dea070ed4a2a8281,Thiago Santos
6e2b1d631832921d,f4363f1317b47213,,,,,10f3ba6cd2f44a97,Bantamweight,10f3ba6cd2f44a97,Dominick Cruz
6e2b1d631832921d,f4363f1317b47213,,,,,10f3ba6cd2f44a97,Bantamweight,e7bba7ce4d6c7b07,Casey Kenney
6e2b1d631832921d,5980ab31e4718a83,,,,,60425d07ef4b91a7,Bantamweight,60425d07ef4b91a7,Kyler Phillips
6e2b1d631832921d,5980ab31e4718a83,,,,,60425d07ef4b91a7,Bantamweight,efb96bf3e9ada36f,Song Yadong
6e2b1d631832921d,ae5d14a9fc1ad19c,,,,,b1d19449397541dc,Flyweight,b1d19449397541dc,Askar Askarov
6e2b1d631832921d,ae5d14a9fc1ad19c,,,,,b1d19449397541dc,Flyweight,80eacd4da0617c57,Joseph Benavidez
6e2b1d631832921d,873306ad79b62f5e,,,,,853eb0dd5c0e2149,Flyweight,853eb0dd5c0e2149,Kai Kara-France
6e2b1d631832921d,873306ad79b62f5e,,,,,853eb0dd5c0e2149,Flyweight,07a2bdaa0afdd831,Rogerio Bontorin
6e2b1d631832921d,2704d31de2c2f43b,,,,,c96d9178c9ed9e62,Flyweight,c96d9178c9ed9e62,Tim Elliott
6e2b1d631832921d,2704d31de2c2f43b,,,,,c96d9178c9ed9e62,Flyweight,215a70f073a7b726,Jordan Espinosa
6e2b1d631832921d,d170f6580e1c244f,,,,,8667caa0451d245b,Light Heavyweight,8667caa0451d245b,Kennedy Nzechukwu
6e2b1d631832921d,d170f6580e1c244f,,,,,8667caa0451d245b,Light Heavyweight,9014c02eff8b3d62,Carlos Ulberg
6e2b1d631832921d,7ad09f889d2cdb6f,,,,,45f7cb591c3ab00b,Welterweight,45f7cb591c3ab00b,Sean Brady
6e2b1d631832921d,7ad09f889d2cdb6f,,,,,45f7cb591c3ab00b,Welterweight,a845f0735bc67405,Jake Matthews
6e2b1d631832921d,50ef636148fa6fac,,,,,3df5493bb279226f,Women's Strawweight,3df5493bb279226f,Amanda Lemos
6e2b1d631832921d,50ef636148fa6fac,,,,,3df5493bb279226f,Women's Strawweight,dab8cfbb6b1db10a,Livinha Souza
6e2b1d631832921d,e2abba69c3371618,,,,,681399317dbf4701,Lightweight,681399317dbf4701,Uros Medic
6e2b1d631832921d,e2abba69c3371618,,,,,681399317dbf4701,Lightweight,003d82fa384ca1d0,Aalon Cruz
6e2b1d631832921d,c096342c57a6f2c4,,,,,ec23c1be628d8057,Bantamweight,ec23c1be628d8057,Trevin Jones
6e2b1d631832921d,c096342c57a6f2c4,,,,,ec23c1be628d8057,Bantamweight,bc711b6dd95c1af6,Mario Bautista
81b57acd6975ac06,4a704dae3091adaf,,,,,787bb1f087ccff8a,Heavyweight,787bb1f087ccff8a,Ciryl Gane
81b57acd6975ac06,4a704dae3091adaf,,,,,787bb1f087ccff8a,Heavyweight,2cd428e9606856fd,Jairzinho Rozenstruik
81b57acd6975ac06,3a4e2dffcdd1c838,,,,,d802174b0c0c1f4e,Light Heavyweight,d802174b0c0c1f4e,Magomed Ankalaev
81b57acd6975ac06,3a4e2dffcdd1c838,,,,,d802174b0c0c1f4e,Light Heavyweight,1091d4d957141094,Nikita Krylov
81b57acd6975ac06,f3ad8ad8d242678e,,,,,DRAW,Women's Flyweight,80d8aed0ca9b00f3,Montana De La Rosa
81b57acd6975ac06,f3ad8ad8d242678e,,,,,DRAW,Women's Flyweight,cc8c623cca88f54f,Mayra Bueno Silva
81b57acd6975ac06,c2ee423d1f0b4f6f,,,,,6bd02119599741a4,Bantamweight,6bd02119599741a4,Pedro Munhoz
81b57acd6975ac06,c2ee423d1f0b4f6f,,,,,6bd02119599741a4,Bantamweight,9c907996820d2d69,Jimmie Rivera
81b57acd6975ac06,6a0341234ecc4e87,,,,,7aa3d6964eff4877,Featherweight,7aa3d6964eff4877,Alex Caceres
81b57acd6975ac06,6a0341234ecc4e87,,,,,7aa3d6964eff4877,Featherweight,35b3772629e27a49,Kevin Croom
81b57acd6975ac06,3eac2d47ac252f4b,,,,,d945aae53e3e54e6,Lightweight,d945aae53e3e54e6,Thiago Moises
81b57acd6975ac06,3eac2d47ac252f4b,,,,,d945aae53e3e54e6,Lightweight,262a7d06203657e6,Alexander Hernandez
81b57acd6975ac06,a7315147a7022a93,,,,,4c2d90e335e6df19,Women's Bantamweight,4c2d90e335e6df19,Alexis Davis
81b57acd6975ac06,a7315147a7022a93,,,,,4c2d90e335e6df19,Women's Bantamweight,70d2329a92864fdb,Sabina Mazo
81b57acd6975ac06,11a83369d49ad138,,,,,e7e01e266a9d4342,Bantamweight,e7e01e266a9d4342,Ronnie Lawrence
81b57acd6975ac06,11a83369d49ad138,,,,,e7e01e266a9d4342,Bantamweight,ed2a8cc402173781,Vince Cachero
81b57acd6975ac06,bc86601cf781a89c,,,,,e4277e87a789d687,Light Heavyweight,e4277e87a789d687,Dustin Jacoby
81b57acd6975ac06,bc86601cf781a89c,,,,,e4277e87a789d687,Light Heavyweight,950d0ef5c17157c5,Maxim Grishin
bfe95ec546692b13,b12bc15f384ecc42,,,,,d3df1add9d9a7efb,Heavyweight,d3df1add9d9a7efb,Derrick Lewis
bfe95ec546692b13,b12bc15f384ecc42,,,,,d3df1add9d9a7efb,Heavyweight,fa6796c55d6c5440,Curtis Blaydes
bfe95ec546692b13,a4814d682954e8ab,,,,,3143bf892608139a,Women's Bantamweight,3143bf892608139a,Yana Kunitskaya
bfe95ec546692b13,a4814d682954e8ab,,,,,3143bf892608139a,Women's Bantamweight,b9706f80d005036c,Ketlen Vieira
bfe95ec546692b13,82243207b4dfce87,,,,,34e516ab361afb1c,Featherweight,34e516ab361afb1c,Darrick Minner
bfe95ec546692b13,82243207b4dfce87,,,,,34e516ab361afb1c,Featherweight,40093d1d2d78394e,Charles Rosa
bfe95ec546692b13,8f7328fe18806fb0,,,,,d0aaedcf7ccd0b45,Heavyweight,d0aaedcf7ccd0b45,Chris Daukaus
bfe95ec546692b13,8f7328fe18806fb0,,,,,d0aaedcf7ccd0b45,Heavyweight,98c23cb6da5b3352,Aleksei Oleinik
bfe95ec546692b13,05ceb8b2f93993a6,,,,,547afe1017e72dbe,Middleweight,547afe1017e72dbe,Phil Hawes
bfe95ec546692b13,05ceb8b2f93993a6,,,,,547afe1017e72dbe,Middleweight,881bf86d4cba8578,Nassourdine Imavov
bfe95ec546692b13,15b1c7ddc4415fdd,,,,,399afbabc02376b5,Heavyweight,399afbabc02376b5,Tom Aspinall
bfe95ec546692b13,15b1c7ddc4415fdd,,,,,399afbabc02376b5,Heavyweight,3738e68d2261e60f,Andrei Arlovski
bfe95ec546692b13,931fd51ab69fb443,,,,,7026eca45f65377b,Featherweight,7026eca45f65377b,Jared Gordon
bfe95ec546692b13,931fd51ab69fb443,,,,,7026eca45f65377b,Featherweight,0de720c0f1d4ab9c,Danny Chavez
bfe95ec546692b13,990c2378caec68d4,,,,,5fa2974cbd18e05c,Bantamweight,5fa2974cbd18e05c,John Castaneda
bfe95ec546692b13,990c2378caec68d4,,,,,5fa2974cbd18e05c,Bantamweight,fc9a9559a05f2704,Eddie Wineland
bfe95ec546692b13,e175c1a0bff30187,,,,,902ec2cc48c8ae8a,Featherweight,902ec2cc48c8ae8a,Julian Erosa
bfe95ec546692b13,e175c1a0bff30187,,,,,902ec2cc48c8ae8a,Featherweight,583ee11abddfc581,Nate Landwehr
bfe95ec546692b13,1d892fec31dc7ad7,,,,,04835018f90b118c,Women's Flyweight,04835018f90b118c,Casey O'Neill
bfe95ec546692b13,1d892fec31dc7ad7,,,,,04835018f90b118c,Women's Flyweight,122ac9b816d8b71c,Shana Dobson
bfe95ec546692b13,b9cd4910f0ecff45,,,,,24656ef4d605c96f,Bantamweight,24656ef4d605c96f,Aiemann Zahabi
bfe95ec546692b13,b9cd4910f0ecff45,,,,,24656ef4d605c96f,Bantamweight,dc3b9cf7641b7ab6,Drako Rodriguez
bfe95ec546692b13,c3b6aa47e7532a7b,,,,,e2f6b2769aaedd6c,Heavyweight,e2f6b2769aaedd6c,Serghei Spivac
bfe95ec546692b13,c3b6aa47e7532a7b,,,,,e2f6b2769aaedd6c,Heavyweight,2b68d9f125d07b42,Jared Vanderaa
3f7c14c7eca7195d,be94e5b7a35ce5f2,,,,,f1b2aa7853d1ed6e,Welterweight,f1b2aa7853d1ed6e,Kamaru Usman
3f7c14c7eca7195d,be94e5b7a35ce5f2,,,,,f1b2aa7853d1ed6e,Welterweight,23024fdfc966410a,Gilbert Burns
3f7c14c7eca7195d,25b8c932da5e91f4,,,,,e8b731feff72294b,Women's Flyweight,e8b731feff72294b,Alexa Grasso
3f7c14c7eca7195d,25b8c932da5e91f4,,,,,e8b731feff72294b,Women's Flyweight,6a740daf1b279661,Maycee Barber
3f7c14c7eca7195d,26fbf026beb8e9f8,,,,,8c0580d4fff106c1,Middleweight,8c0580d4fff106c1,Kelvin Gastelum
3f7c14c7eca7195d,26fbf026beb8e9f8,,,,,8c0580d4fff106c1,Middleweight,2e585c701f72fe55,Ian Heinisch
3f7c14c7eca7195d,54e2490959f66dc2,,,,,5987b2458f4b5290,Featherweight,5987b2458f4b5290,Ricky Simon
3f7c14c7eca7195d,54e2490959f66dc2,,,,,5987b2458f4b5290,Featherweight,7be14eaed4c74856,Brian Kelleher
3f7c14c7eca7195d,9201312dd860fa5a,,,,,d0e1b42d41dab603,Middleweight,d0e1b42d41dab603,Julian Marquez
3f7c14c7eca7195d,9201312dd860fa5a,,,,,d0e1b42d41dab603,Middleweight,c549573c0df4d676,Maki Pitolo
3f7c14c7eca7195d,96b1430379c0694a,,,,,093e1f5bb73850be,Middleweight,093e1f5bb73850be,Anthony Hernandez
3f7c14c7eca7195d,96b1430379c0694a,,,,,093e1f5bb73850be,Middleweight,260e9e0d4954aea6,Rodolfo Vieira
3f7c14c7eca7195d,8cf076524cad5a55,,,,,b1b0729d27936f2f,Welterweight,b1b0729d27936f2f,Belal Muhammad
3f7c14c7eca7195d,8cf076524cad5a55,,,,,b1b0729d27936f2f,Welterweight,e9213f53ddeca978,Dhiego Lima
3f7c14c7eca7195d,17616514e8fdacb9,,,,,9673a497a9da119a,Women's Strawweight,9673a497a9da119a,Polyana Viana
3f7c14c7eca7195d,17616514e8fdacb9,,,,,9673a497a9da119a,Women's Strawweight,19b7738321cfae42,Mallory Martin
3f7c14c7eca7195d,f98e954823bd6e02,,,,,45f0cc9d18f35137,Catch Weight,45f0cc9d18f35137,Chris Gutierrez
3f7c14c7eca7195d,f98e954823bd6e02,,,,,45f0cc9d18f35137,Catch Weight,5f6f049d54728e88,Andre Ewell
3f7c14c7eca7195d,357c5b86ec83b826,,,,,5eb50529a8418b77,Welterweight,5eb50529a8418b77,Gabe Green
3f7c14c7eca7195d,357c5b86ec83b826,,,,,5eb50529a8418b77,Welterweight,8e382b585a92affe,Phil Rowe
a1153013cb5f628f,8b9bdacca749ec90,,,,,279566840aa55bf2,Heavyweight,279566840aa55bf2,Alexander Volkov
a1153013cb5f628f,8b9bdacca749ec90,,,,,279566840aa55bf2,Heavyweight,b4ad3a06ee4d660c,Alistair Overeem
a1153013cb5f628f,9ef858837dfc65eb,,,,,65f09bacd3957381,Bantamweight,65f09bacd3957381,Cory Sandhagen
a1153013cb5f628f,9ef858837dfc65eb,,,,,65f09bacd3957381,Bantamweight,f2688492b9a525a3,Frankie Edgar
a1153013cb5f628f,f4fbb11055301e75,,,,,c47df9303d318c67,Lightweight,c47df9303d318c67,Clay Guida
a1153013cb5f628f,f4fbb11055301e75,,,,,c47df9303d318c67,Lightweight,511e82663651438d,Michael Johnson
a1153013cb5f628f,2c81668d1459991f,,,,,a0f0004aadf10b71,Flyweight,a0f0004aadf10b71,Alexandre Pantoja
a1153013cb5f628f,2c81668d1459991f,,,,,a0f0004aadf10b71,Flyweight,5d1b7e3dd9e11074,Manel Kape
a1153013cb5f628f,bbade63ca780668f,,,,,08af939f41b5a57b,Lightweight,08af939f41b5a57b,Beneil Dariush
a1153013cb5f628f,bbade63ca780668f,,,,,08af939f41b5a57b,Lightweight,f53d4f21d1b5f2dc,Diego Ferreira
a1153013cb5f628f,af8ea6db042674ef,,,,,687c15b2eddfaa63,Light Heavyweight,687c15b2eddfaa63,Danilo Marques
a1153013cb5f628f,af8ea6db042674ef,,,,,687c15b2eddfaa63,Light Heavyweight,18b602842a24f7c5,Mike Rodriguez
a1153013cb5f628f,464cc19d42446da9,,,,,207773daeb4afa7b,Catch Weight,207773daeb4afa7b,Devonte Smith
a1153013cb5f628f,464cc19d42446da9,,,,,207773daeb4afa7b,Catch Weight,304a21d0595e1a08,Justin Jaynes
a1153013cb5f628f,8c34e1e0d842618d,,,,,351c4ec637380ad5,Women's Bantamweight,351c4ec637380ad5,Karol Rosa
a1153013cb5f628f,8c34e1e0d842618d,,,,,351c4ec637380ad5,Women's Bantamweight,f9ab66e67240db7b,Joselyne Edwards
a1153013cb5f628f,d65da3a3bc675449,,,,,e99821959a840bb8,Women's Flyweight,e99821959a840bb8,Lara Procopio
a1153013cb5f628f,d65da3a3bc675449,,,,,e99821959a840bb8,Women's Flyweight,51018a31ddf31eb2,Molly McCann
a1153013cb5f628f,86d6e09932c5b551,,,,,a68575214ecad140,Featherweight,a68575214ecad140,SeungWoo Choi
a1153013cb5f628f,86d6e09932c5b551,,,,,a68575214ecad140,Featherweight,52c2ae6d2f2d2613,Youssef Zalal
a1153013cb5f628f,eb4e9ec015533ab4,,,,,45e738622ea2c02c,Featherweight,45e738622ea2c02c,Timur Valiev
a1153013cb5f628f,eb4e9ec015533ab4,,,,,45e738622ea2c02c,Featherweight,ea3dcc417c322064,Martin Day
a1153013cb5f628f,3ac61bcb406e1a0c,,,,,6d68c1afe954f121,Featherweight,6d68c1afe954f121,Ode Osbourne
a1153013cb5f628f,3ac61bcb406e1a0c,,,,,6d68c1afe954f121,Featherweight,c9587d81e1d33925,Jerome Rivera
4304992c2acc187b,3d3e7dc7b4bf2bc4,,,,,029eaff01e6bb8f0,Lightweight,029eaff01e6bb8f0,Dustin Poirier
4304992c2acc187b,3d3e7dc7b4bf2bc4,,,,,029eaff01e6bb8f0,Lightweight,f4c49976c75c5ab2,Conor McGregor
4304992c2acc187b,a5075f4eaee6036f,,,,,4b93a88f3b1de35b,Lightweight,4b93a88f3b1de35b,Michael Chandler
4304992c2acc187b,a5075f4eaee6036f,,,,,4b93a88f3b1de35b,Lightweight,193b9d1858bc4df3,Dan Hooker
4304992c2acc187b,c4ea3f6fae702459,,,,,12f91bfa8f1f723b,Women's Flyweight,12f91bfa8f1f723b,Joanne Calderwood
4304992c2acc187b,c4ea3f6fae702459,,,,,12f91bfa8f1f723b,Women's Flyweight,f72465a784c1b084,Jessica Eye
4304992c2acc187b,65352221c0bfe52d,,,,,ea7e5bc78d9de658,Middleweight,ea7e5bc78d9de658,Makhmud Muradov
4304992c2acc187b,65352221c0bfe52d,,,,,ea7e5bc78d9de658,Middleweight,fccf811c1e8b01c7,Andrew Sanchez
4304992c2acc187b,cd08b68f0bafafbf,,,,,cd2c4d30c6e13b47,Women's Strawweight,cd2c4d30c6e13b47,Marina Rodriguez
4304992c2acc187b,cd08b68f0bafafbf,,,,,cd2c4d30c6e13b47,Women's Strawweight,beecb672a279223e,Amanda Ribas
4304992c2acc187b,99dbe9669f31ed91,,,,,eae48ff31db420c2,Lightweight,eae48ff31db420c2,Arman Tsarukyan
4304992c2acc187b,99dbe9669f31ed91,,,,,eae48ff31db420c2,Lightweight,dccb63727f2f5f74,Matt Frevola
4304992c2acc187b,92f569a6d9374b86,,,,,0c6d9ea8306c029e,Middleweight,0c6d9ea8306c029e,Brad Tavares
4304992c2acc187b,92f569a6d9374b86,,,,,0c6d9ea8306c029e,Middleweight,52e76bb4b3e852f3,Antonio Carlos Junior
4304992c2acc187b,83da743f6dda7dcc,,,,,3253b16d38ae087d,Women's Bantamweight,3253b16d38ae087d,Julianna Pena
4304992c2acc187b,83da743f6dda7dcc,,,,,3253b16d38ae087d,Women's Bantamweight,7be74a12d7352df2,Sara McMann
4304992c2acc187b,c597fd8bb66d54d8,,,,,6370c1c1e12723d5,Light Heavyweight,6370c1c1e12723d5,Marcin Prachnio
4304992c2acc187b,c597fd8bb66d54d8,,,,,6370c1c1e12723d5,Light Heavyweight,749f572d1d3161fb,Khalil Rountree Jr.
4304992c2acc187b,f3ccbfd7036f3cf3,,,,,76e2870ffafbe38f,Catch Weight,76e2870ffafbe38f,Movsar Evloev
4304992c2acc187b,f3ccbfd7036f3cf3,,,,,76e2870ffafbe38f,Catch Weight,6fb1ba67bef41b37,Nik Lentz
4304992c2acc187b,aaf45b095452be23,,,,,6d35bf94f7d30241,Flyweight,6d35bf94f7d30241,Amir Albazi
4304992c2acc187b,aaf45b095452be23,,,,,6d35bf94f7d30241,Flyweight,55fa6ce3e522c8bb,Zhalgas Zhumagulov
56116537d71a578c,61bedad39b15db7a,,,,,c58f51dedb310998,Welterweight,c58f51dedb310998,Michael Chiesa
56116537d71a578c,61bedad39b15db7a,,,,,c58f51dedb310998,Welterweight,84b3e7d38f2d2ec5,Neil Magny
56116537d71a578c,dd34dd337e637767,,,,,d317a5e2b3f88c5f,Welterweight,d317a5e2b3f88c5f,Warlley Alves
56116537d71a578c,dd34dd337e637767,,,,,d317a5e2b3f88c5f,Welterweight,49ee5024966efc0d,Mounir Lazzez
56116537d71a578c,4f6d3cdf2c77fb57,,,,,f9d0cae37dabfafc,Light Heavyweight,f9d0cae37dabfafc,Ike Villanueva
56116537d71a578c,4f6d3cdf2c77fb57,,,,,f9d0cae37dabfafc,Light Heavyweight,acb36c908d415c4a,Vinicius Moreira
56116537d71a578c,a003e8305d4dbdc8,,,,,36541f1e6c5d4955,Women's Flyweight,36541f1e6c5d4955,Viviane Araujo
56116537d71a578c,a003e8305d4dbdc8,,,,,36541f1e6c5d4955,Women's Flyweight,4498b382c65a7faa,Roxanne Modafferi
56116537d71a578c,57e784028ef2c17d,,,,,67c1d46f4ed16f9e,Flyweight,67c1d46f4ed16f9e,Matt Schnell
56116537d71a578c,57e784028ef2c17d,,,,,67c1d46f4ed16f9e,Flyweight,6e00cfffd54653c4,Tyson Nam
56116537d71a578c,d27ac1bc677b89cf,,,,,396fe87b84ac2e1c,Featherweight,396fe87b84ac2e1c,Lerone Murphy
56116537d71a578c,d27ac1bc677b89cf,,,,,396fe87b84ac2e1c,Featherweight,3a314d9fa7c6825d,Douglas Silva de Andrade
56116537d71a578c,ac475de5a3d0d7e2,,,,,16690d100f995f8f,Middleweight,16690d100f995f8f,Omari Akhmedov
56116537d71a578c,ac475de5a3d0d7e2,,,,,16690d100f995f8f,Middleweight,1588b787bda7b540,Tom Breese
56116537d71a578c,4abcf14faa7f92f2,,,,,5987b2458f4b5290,Bantamweight,5987b2458f4b5290,Ricky Simon
56116537d71a578c,4abcf14faa7f92f2,,,,,5987b2458f4b5290,Bantamweight,8765559b6a29a421,Gaetano Pirrello
56116537d71a578c,ddbe6fd66d7f9e35,,,,,3cf18e01cb6cbde3,Flyweight,3cf18e01cb6cbde3,Sumudaerji
56116537d71a578c,ddbe6fd66d7f9e35,,,,,3cf18e01cb6cbde3,Flyweight,79cb2a690b9ba5e8,Zarrukh Adashev
56116537d71a578c,76b61ff4c9760f79,,,,,ce632027bf2a871b,Middleweight,ce632027bf2a871b,Dalcha Lungiambula
56116537d71a578c,76b61ff4c9760f79,,,,,ce632027bf2a871b,Middleweight,2ac4628c08ec5125,Markus Perez
56116537d71a578c,4e451881e0e47b05,,,,,cdadae5363b66eef,Flyweight,cdadae5363b66eef,Francisco Figueiredo
56116537d71a578c,4e451881e0e47b05,,,,,cdadae5363b66eef,Flyweight,c9587d81e1d33925,Jerome Rivera
56116537d71a578c,031e6624f96aceb8,,,,,fb3e61720be4690c,Lightweight,fb3e61720be4690c,Mike Davis
56116537d71a578c,031e6624f96aceb8,,,,,fb3e61720be4690c,Lightweight,f6ad6a1e4d600e0d,Mason Jones
56116537d71a578c,11558384f80f6506,,,,,2b6fc1c02736833d,Bantamweight,2b6fc1c02736833d,Umar Nurmagomedov
56116537d71a578c,11558384f80f6506,,,,,2b6fc1c02736833d,Bantamweight,2f6a993c7f547c13,Sergey Morozov
56116537d71a578c,ae38fb2a6b6a0cc1,,,,,34ff304266360297,Women's Flyweight,34ff304266360297,Manon Fiorot
56116537d71a578c,ae38fb2a6b6a0cc1,,,,,34ff304266360297,Women's Flyweight,9dedfdd91070ddd8,Victoria Leonardo
307064d3e0f036c2,a4817b7e46028b4a,,,,,150ff4cc642270b9,Featherweight,150ff4cc642270b9,Max Holloway
307064d3e0f036c2,a4817b7e46028b4a,,,,,150ff4cc642270b9,Featherweight,751de04455cfaac0,Calvin Kattar
307064d3e0f036c2,6b0da0b1cda7799f,,,,,f9f07bb5a43535ed,Welterweight,f9f07bb5a43535ed,Carlos Condit
307064d3e0f036c2,6b0da0b1cda7799f,,,,,f9f07bb5a43535ed,Welterweight,31123249b0bbf52e,Matt Brown
307064d3e0f036c2,aeb7ff8ce6e1beac,,,,,e64b96c07d7ce999,Welterweight,e64b96c07d7ce999,Li Jingliang
307064d3e0f036c2,aeb7ff8ce6e1beac,,,,,e64b96c07d7ce999,Welterweight,6d1bffff14897645,Santiago Ponzinibbio
307064d3e0f036c2,775c1f401815bbd8,,,,,77d7295d1b22c694,Middleweight,77d7295d1b22c694,Alessio Di Chirico
307064d3e0f036c2,775c1f401815bbd8,,,,,77d7295d1b22c694,Middleweight,b9437600497350f3,Joaquin Buckley
307064d3e0f036c2,358f816aff469270,,,,,64facb6cc564262d,Middleweight,64facb6cc564262d,Punahele Soriano
307064d3e0f036c2,358f816aff469270,,,,,64facb6cc564262d,Middleweight,866fd7b1a6c90e7f,Dusko Todorovic
307064d3e0f036c2,97ad63e644757cf4,,,,,f9ab66e67240db7b,Women's Bantamweight,f9ab66e67240db7b,Joselyne Edwards
307064d3e0f036c2,97ad63e644757cf4,,,,,f9ab66e67240db7b,Women's Bantamweight,fdbefee0827e1567,Wu Yanan
307064d3e0f036c2,0165bd3c26f0c076,,,,,a2ea77e974c5889f,Heavyweight,a2ea77e974c5889f,Carlos Felipe
307064d3e0f036c2,0165bd3c26f0c076,,,,,a2ea77e974c5889f,Heavyweight,e13abac8089a801a,Justin Tafa
307064d3e0f036c2,3fcd53eb27945231,,,,,abd5fb12437eda21,Welterweight,abd5fb12437eda21,Ramazan Emeev
307064d3e0f036c2,3fcd53eb27945231,,,,,abd5fb12437eda21,Welterweight,3bb2dc8e87b10a46,David Zawada
307064d3e0f036c2,97c80f69ac312030,,,,,9b7dfb3b7d99926a,Women's Bantamweight,9b7dfb3b7d99926a,Vanessa Melo
307064d3e0f036c2,97c80f69ac312030,,,,,9b7dfb3b7d99926a,Women's Bantamweight,539ed332b3078821,Sarah Moras
307064d3e0f036c2,3d903bc35023f50a,,,,,305d73ede05e31ad,Featherweight,305d73ede05e31ad,Austin Lingo
307064d3e0f036c2,3d903bc35023f50a,,,,,305d73ede05e31ad,Featherweight,637bd06c32219f0b,Jacob Kilburn
